20 Microns Limited [ 20MICRONS, INE144J01027 ]
3i Infotech Limited [ 3IINFOTECH, INE748C01020 ]
3M India Limited [ 3MINDIA, INE470A01017 ]
8K Miles Software Services Limited [ 8KMILES, INE650K01013 ]
A2Z INFRA ENGINEERING LIMITED [ A2ZINFRA, INE619I01012 ]
Aarti Drugs Limited [ AARTIDRUGS, INE767A01016 ]
Aarti Industries Limited [ AARTIIND, INE769A01020 ]
Aarvee Denims & Exports Limited [ AARVEEDEN, INE273D01019 ]
Aban Offshore Limited [ ABAN, INE421A01028 ]
ABB India Limited [ ABB, INE117A01022 ]
Abbott India Limited [ ABBOTINDIA, INE358A01014 ]
ABG Shipyard Limited [ ABGSHIP, INE067H01016 ]
ACC Limited [ ACC, INE012A01025 ]
Accel Frontline Limited [ AFL, INE020G01017 ]
Accelya Kale Solutions Limited [ ACCELYA, INE793A01012 ]
Acropetal Technologies Limited [ ACROPETAL, INE055L01013 ]
Action Construction Equipment Limited [ ACE, INE731H01025 ]
Adani Enterprises Limited [ ADANIENT, INE423A01024 ]
Adani Ports and Special Economic Zone Limited [ ADANIPORTS, INE742F01042 ]
Adani Power Limited [ ADANIPOWER, INE814H01011 ]
Adani Transmission Limited [ ADANITRANS, INE931S01010 ]
ADF Foods Limited [ ADFFOODS, INE982B01019 ]
Adhunik Industries Limited [ ADHUNIKIND, INE452L01012 ]
Adhunik Metaliks Limited [ ADHUNIK, INE400H01019 ]
Adi Finechem Limited [ ADI, INE959A01019 ]
Aditya Birla Fashion and Retail Limited [ ABFRL, INE647O01011 ]
Aditya Birla Money Limited [ BIRLAMONEY, INE865C01022 ]
Aditya Birla Nuvo Limited [ ABIRLANUVO, INE069A01017 ]
Adlabs Entertainment Limited [ ADLABS, INE172N01012 ]
Ador Welding Limited [ ADORWELD, INE045A01017 ]
Advance Metering Technology Limited [ AMTL, INE436N01029 ]
Advanced Enzyme Technologies Limited [ ADVENZYMES, INE837H01012 ]
Advani Hotels & Resorts (India) Limited [ ADVANIHOTR, INE199C01026 ]
Aegis Logistics Limited [ AEGISCHEM, INE208C01025 ]
Agarwal Industrial Corporation Limited [ AGARIND, INE204E01012 ]
AGC Networks Limited [ AGCNET, INE676A01019 ]
Agri-Tech (India) Limited [ AGRITECH, INE449G01018 ]
Agro Dutch Industries Limited [ AGRODUTCH, INE135B01014 ]
Agro Tech Foods Limited [ ATFL, INE209A01019 ]
Ahluwalia Contracts (India) Limited [ AHLUCONT, INE758C01029 ]
AI Champdany Industries Limited [ AICHAMP, INE768E01024 ]
AIA Engineering Limited [ AIAENG, INE212H01026 ]
Ajanta Pharma Limited [ AJANTPHARM, INE031B01049 ]
Ajmera Realty & Infra India Limited [ AJMERA, INE298G01027 ]
Aksh Optifibre Limited [ AKSHOPTFBR, INE523B01011 ]
Akzo Nobel India Limited [ AKZOINDIA, INE133A01011 ]
Alankit Limited [ ALANKIT, INE914E01032 ]
Albert David Limited [ ALBERTDAVD, INE155C01010 ]
Alchemist Limited [ ALCHEM, INE964B01033 ]
Alembic Limited [ ALEMBICLTD, INE426A01027 ]
Alembic Pharmaceuticals Limited [ APLLTD, INE901L01018 ]
Alicon Castalloy Limited [ ALICON, INE062D01024 ]
Alkali Metals Limited [ ALKALI, INE773I01017 ]
Alkem Laboratories Limited [ ALKEM, INE540L01014 ]
Alkyl Amines Chemicals Limited [ ALKYLAMINE, INE150B01021 ]
Allahabad Bank [ ALBK, INE428A01015 ]
Allcargo Logistics Limited [ ALLCARGO, INE418H01029 ]
Allied Digital Services Limited [ ADSL, INE102I01027 ]
Allsec Technologies Limited [ ALLSEC, INE835G01018 ]
Almondz Global Securities Limited [ ALMONDZ, INE326B01027 ]
Alok Industries Limited [ ALOKTEXT, INE270A01011 ]
Alpa Laboratories Limited [ ALPA, INE385I01010 ]
Alphageo (India) Limited [ ALPHAGEO, INE137C01018 ]
Alps Industries Limited [ ALPSINDUS, INE093B01015 ]
Amara Raja Batteries Limited [ AMARAJABAT, INE885A01032 ]
Ambika Cotton Mills Limited [ AMBIKCO, INE540G01014 ]
Ambuja Cements Limited [ AMBUJACEM, INE079A01024 ]
AMD Industries Limited [ AMDIND, INE005I01014 ]
Amrutanjan Health Care Limited [ AMRUTANJAN, INE098F01023 ]
Amtek Auto Limited [ AMTEKAUTO, INE130C01021 ]
Anant Raj Limited [ ANANTRAJ, INE242C01024 ]
Andhra Bank [ ANDHRABANK, INE434A01013 ]
Andhra Cements Limited [ ANDHRACEMT, INE666E01012 ]
ANG Industries Limited [ ANGIND, INE017D01010 ]
Anik Industries Limited [ ANIKINDS, INE087B01017 ]
Ankit Metal & Power Limited [ ANKITMETAL, INE106I01010 ]
Ansal Housing and Construction Limited [ ANSALHSG, INE880B01015 ]
Ansal Properties & Infrastructure Limited [ ANSALAPI, INE436A01026 ]
Antarctica Limited [ ANTGRAPHIC, INE414B01021 ]
Apar Industries Limited [ APARINDS, INE372A01015 ]
Apcotex Industries Limited [ APCOTEXIND, INE116A01024 ]
APL Apollo Tubes Limited [ APLAPOLLO, INE702C01019 ]
Apollo Hospitals Enterprise Limited [ APOLLOHOSP, INE437A01024 ]
Apollo Sindoori Hotels Limited [ APOLSINHOT, INE451F01016 ]
Apollo Tyres Limited [ APOLLOTYRE, INE438A01022 ]
Aptech Limited [ APTECHT, INE266F01018 ]
Archidply Industries Limited [ ARCHIDPLY, INE877I01016 ]
Archies Limited [ ARCHIES, INE731A01020 ]
Arcotech Limited [ ARCOTECH, INE574I01027 ]
Aries Agro Limited [ ARIES, INE298I01015 ]
Arihant Foundations & Housing Limited [ ARIHANT, INE413D01011 ]
Arman Financial Services Limited [ ARMANFIN, INE109C01017 ]
Aro Granite Industries Limited [ AROGRANITE, INE210C01013 ]
Arrow Greentech Limited [ ARROWGREEN, INE570D01018 ]
Arrow Textiles Limited [ ARROWTEX, INE933J01015 ]
Arshiya Limited [ ARSHIYA, INE968D01022 ]
ARSS Infrastructure Projects Limited [ ARSSINFRA, INE267I01010 ]
Arvind Infrastructure Limited [ ARVINFRA, INE034S01021 ]
Arvind Limited [ ARVIND, INE034A01011 ]
Asahi India Glass Limited [ ASAHIINDIA, INE439A01020 ]
Asahi Songwon Colors Limited [ ASAHISONG, INE228I01012 ]
Ashapura Intimates Fashion Limited [ AIFL, INE428O01016 ]
Ashapura Minechem Limited [ ASHAPURMIN, INE348A01023 ]
Ashiana Housing Limited [ ASHIANA, INE365D01021 ]
Ashima Limited [ ASHIMASYN, INE440A01010 ]
Ashok Leyland Limited [ ASHOKLEY, INE208A01029 ]
Ashoka Buildcon Limited [ ASHOKA, INE442H01029 ]
Asian Granito India Limited [ ASIANTILES, INE022I01019 ]
Asian Hotels (East) Limited [ AHLEAST, INE926K01017 ]
Asian Hotels (North) Limited [ ASIANHOTNR, INE363A01022 ]
Asian Hotels (West) Limited [ AHLWEST, INE915K01010 ]
Asian Paints Limited [ ASIANPAINT, INE021A01026 ]
Aspinwall and Company Limited [ ASPINWALL, INE991I01015 ]
Assam Company India Limited [ ASSAMCO, INE442A01024 ]
Astec LifeSciences Limited [ ASTEC, INE563J01010 ]
Astra Microwave Products Limited [ ASTRAMICRO, INE386C01029 ]
Astral Poly Technik Limited [ ASTRAL, INE006I01046 ]
AstraZeneca Pharma India Limited [ ASTRAZEN, INE203A01020 ]
Atlanta  Limited [ ATLANTA, INE285H01022 ]
Atlas Cycles (Haryana) Limited [ ATLASCYCLE, INE446A01017 ]
Atul Auto Limited [ ATULAUTO, INE951D01028 ]
Atul Limited [ ATUL, INE100A01010 ]
Aurionpro Solutions Limited [ AURIONPRO, INE132H01018 ]
Aurobindo Pharma Limited [ AUROPHARMA, INE406A01037 ]
Ausom Enterprise Limited [ AUSOMENT, INE218C01016 ]
Autoline Industries Limited [ AUTOIND, INE718H01014 ]
Autolite (India) Limited [ AUTOLITIND, INE448A01013 ]
Automotive Axles Limited [ AUTOAXLES, INE449A01011 ]
Automotive Stampings and Assemblies Limited [ ASAL, INE900C01027 ]
Avanti Feeds Limited [ AVANTIFEED, INE871C01020 ]
AVT Natural Products Limited [ AVTNPL, INE488D01021 ]
Axis Bank Limited [ AXISBANK, INE238A01034 ]
AXISCADES Engineering Technologies Limited [ AXISCADES, INE555B01013 ]
AYM Syntex Limited [ AYMSYNTEX, INE193B01039 ]
B. L. Kashyap and Sons Limited [ BLKASHYAP, INE350H01032 ]
B.A.G Films and Media Limited [ BAGFILMS, INE116D01028 ]
Bafna Pharmaceuticals Limited [ BAFNAPHARM, INE878I01014 ]
Bajaj Auto Limited [ BAJAJ-AUTO, INE917I01010 ]
Bajaj Corp Limited [ BAJAJCORP, INE933K01021 ]
Bajaj Electricals Limited [ BAJAJELEC, INE193E01025 ]
Bajaj Finance Limited [ BAJFINANCE, INE296A01024 ]
Bajaj Finserv Limited [ BAJAJFINSV, INE918I01018 ]
Bajaj Hindusthan Sugar Limited [ BAJAJHIND, INE306A01021 ]
Bajaj Holdings & Investment Limited [ BAJAJHLDNG, INE118A01012 ]
Bal Pharma Limited [ BALPHARMA, INE083D01012 ]
Balaji Amines Limited [ BALAMINES, INE050E01027 ]
Balaji Telefilms Limited [ BALAJITELE, INE794B01026 ]
Balkrishna Industries Limited [ BALKRISIND, INE787D01026 ]
Balkrishna Paper Mills Limited [ BALKRISHNA, INE875R01011 ]
Ballarpur Industries Limited [ BALLARPUR, INE294A01037 ]
Balmer Lawrie & Company Limited [ BALMLAWRIE, INE164A01016 ]
Balrampur Chini Mills Limited [ BALRAMCHIN, INE119A01028 ]
Banaras Beads Limited [ BANARBEADS, INE655B01011 ]
Banco Products (I) Limited [ BANCOINDIA, INE213C01025 ]
Bang Overseas Limited [ BANG, INE863I01016 ]
Bank of Baroda [ BANKBARODA, INE028A01039 ]
Bank of India [ BANKINDIA, INE084A01016 ]
Bank of Maharashtra [ MAHABANK, INE457A01014 ]
Bannari Amman Spinning Mills Limited [ BASML, INE186H01014 ]
Bannari Amman Sugars Limited [ BANARISUG, INE459A01010 ]
Banswara Syntex Limited [ BANSWRAS, INE629D01012 ]
Barak Valley Cements Limited [ BVCL, INE139I01011 ]
Bartronics India Limited [ BARTRONICS, INE855F01034 ]
BASF India Limited [ BASF, INE373A01013 ]
Bata India Limited [ BATAINDIA, INE176A01028 ]
Bayer Cropscience Limited [ BAYERCROP, INE462A01022 ]
Beardsell Limited [ BEARDSELL, INE520H01014 ]
Bedmutha Industries Limited [ BEDMUTHA, INE844K01012 ]
BEML Limited [ BEML, INE258A01016 ]
Berger Paints (I) Limited [ BERGEPAINT, INE463A01038 ]
BF Investment Limited [ BFINVEST, INE878K01010 ]
BF Utilities Limited [ BFUTILITIE, INE243D01012 ]
BGR Energy Systems Limited [ BGRENERGY, INE661I01014 ]
Bhageria Industries Limited [ BHAGERIA, INE354C01019 ]
Bhagyanagar India Limited [ BHAGYNAGAR, INE458B01028 ]
Bhansali Engineering Polymers Limited [ BEPL, INE922A01025 ]
Bharat Bijlee Limited [ BBL, INE464A01028 ]
Bharat Electronics Limited [ BEL, INE263A01016 ]
Bharat Financial Inclusion Limited [ BHARATFIN, INE180K01011 ]
Bharat Forge Limited [ BHARATFORG, INE465A01025 ]
Bharat Gears Limited [ BHARATGEAR, INE561C01019 ]
Bharat Heavy Electricals Limited [ BHEL, INE257A01026 ]
Bharat Petroleum Corporation Limited [ BPCL, INE029A01011 ]
Bharat Rasayan Limited [ BHARATRAS, INE838B01013 ]
Bharat Wire Ropes Limited [ BHARATWIRE, INE316L01019 ]
Bharati Defence and Infrastructure Limited [ BHARATIDIL, INE673G01013 ]
Bharatiya Global Infomedia Limited [ BGLOBAL, INE224M01013 ]
Bharti Airtel Limited [ BHARTIARTL, INE397D01024 ]
Bharti Infratel Limited [ INFRATEL, INE121J01017 ]
Bhartiya International Limited [ BIL, INE828A01016 ]
Bhushan Steel Limited [ BHUSANSTL, INE824B01021 ]
Bigbloc Construction Limited [ BIGBLOC, INE412U01017 ]
Bil Energy Systems Limited [ BILENERGY, INE607L01029 ]
Binani Industries Limited [ BINANIIND, INE071A01013 ]
Biocon Limited [ BIOCON, INE376G01013 ]
Birla Corporation Limited [ BIRLACORPN, INE340A01012 ]
Birla Cotsyn (India) Limited [ BIRLACOT, INE655I01024 ]
Birla Ericsson Optical Limited [ BIRLAERIC, INE800A01015 ]
BLB Limited [ BLBLIMITED, INE791A01024 ]
Bliss GVS Pharma Limited [ BLISSGVS, INE416D01022 ]
BLS International Services Limited [ BLS, INE153T01019 ]
Blue Blends (I) Limited [ BLUEBLENDS, INE113O01014 ]
Blue Coast Hotels Limited [ BLUECOAST, INE472B01011 ]
Blue Dart Express Limited [ BLUEDART, INE233B01017 ]
Blue Star Limited [ BLUESTARCO, INE472A01039 ]
Bodal Chemicals Limited [ BODALCHEM, INE338D01028 ]
Bombay Burmah Trading Corporation Limited [ BBTC, INE050A01025 ]
Bombay Dyeing & Mfg Company Limited [ BOMDYEING, INE032A01023 ]
Bombay Rayon Fashions Limited [ BRFL, INE589G01011 ]
Bosch Limited [ BOSCHLTD, INE323A01026 ]
BPL Limited [ BPL, INE110A01019 ]
Brigade Enterprises Limited [ BRIGADE, INE791I01019 ]
Britannia Industries Limited [ BRITANNIA, INE216A01022 ]
Brooks Laboratories Limited [ BROOKS, INE650L01011 ]
BS LIMITED [ BSLIMITED, INE043K01029 ]
BSEL Infrastructure Realty Limited [ BSELINFRA, INE395A01016 ]
BSL Limited [ BSL, INE594B01012 ]
Burnpur Cement Limited [ BURNPUR, INE817H01014 ]
Butterfly Gandhimathi Appliances Limited [ BUTTERFLY, INE295F01017 ]
C & C Constructions Limited [ CANDC, INE874H01015 ]
Cadila Healthcare Limited [ CADILAHC, INE010B01027 ]
Cairn India Limited [ CAIRN, INE910H01017 ]
Cambridge Technology Enterprises Limited [ CTE, INE627H01017 ]
Camlin Fine Sciences Limited [ CAMLINFINE, INE052I01032 ]
Can Fin Homes Limited [ CANFINHOME, INE477A01012 ]
Canara Bank [ CANBK, INE476A01014 ]
Cantabil Retail India Limited [ CANTABIL, INE068L01016 ]
Capital First Limited [ CAPF, INE688I01017 ]
Caplin Point Laboratories Limited [ CAPLIPOINT, INE475E01018 ]
Capri Global Capital Limited [ CGCL, INE180C01018 ]
Carborundum Universal Limited [ CARBORUNIV, INE120A01034 ]
Career Point Limited [ CAREERP, INE521J01018 ]
Castex Technologies Limited [ CASTEXTECH, INE068D01021 ]
Castrol India Limited [ CASTROLIND, INE172A01027 ]
CCL Products (India) Limited [ CCL, INE421D01022 ]
CEAT Limited [ CEATLTD, INE482A01020 ]
Celebrity Fashions Limited [ CELEBRITY, INE185H01016 ]
Celestial Biolabs Limited [ CELESTIAL, INE221I01017 ]
Central Bank of India [ CENTRALBK, INE483A01010 ]
Centum Electronics Limited [ CENTUM, INE320B01020 ]
Century Enka Limited [ CENTENKA, INE485A01015 ]
Century Extrusions Limited [ CENTEXT, INE281A01026 ]
Century Plyboards (India) Limited [ CENTURYPLY, INE348B01021 ]
Century Textiles & Industries Limited [ CENTURYTEX, INE055A01016 ]
Cera Sanitaryware Limited [ CERA, INE739E01017 ]
Cerebra Integrated Technologies Limited [ CEREBRAINT, INE345B01019 ]
CESC Limited [ CESC, INE486A01013 ]
Chambal Fertilizers & Chemicals Limited [ CHAMBLFERT, INE085A01013 ]
Chemfab Alkalis Limited [ CHEMFALKAL, INE479E01028 ]
Chennai Petroleum Corporation Limited [ CHENNPETRO, INE178A01016 ]
Cholamandalam Investment and Finance Company Limited [ CHOLAFIN, INE121A01016 ]
Chromatic India Limited [ CHROMATIC, INE662C01015 ]
Cigniti Technologies Limited [ CIGNITITEC, INE675C01017 ]
CIL Nova Petrochemicals Limited [ CNOVAPETRO, INE672K01025 ]
Cimmco Limited [ CIMMCO, INE184C01028 ]
Cineline India Limited [ CINELINE, INE704H01022 ]
Cinevista Limited [ CINEVISTA, INE039B01026 ]
Cipla Limited [ CIPLA, INE059A01026 ]
City Union Bank Limited [ CUB, INE491A01021 ]
Clariant Chemicals (India) Limited [ CLNINDIA, INE492A01029 ]
Coal India Limited [ COALINDIA, INE522F01014 ]
Coffee Day Enterprises Limited [ COFFEEDAY, INE335K01011 ]
Colgate Palmolive (India) Limited [ COLPAL, INE259A01022 ]
Commercial Engineers & Body Builders Co Limited [ CEBBCO, INE209L01016 ]
Compuage Infocom Limited [ COMPINFO, INE070C01029 ]
Compucom Software Limited [ COMPUSOFT, INE453B01029 ]
Consolidated Construction Consortium Limited [ CCCL, INE429I01024 ]
Consolidated Finvest & Holdings Limited [ CONSOFINVT, INE025A01027 ]
Container Corporation of India Limited [ CONCOR, INE111A01017 ]
Control Print Limited [ CONTROLPR, INE663B01015 ]
Cords Cable Industries Limited [ CORDSCABLE, INE792I01017 ]
Coromandel International Limited [ COROMANDEL, INE169A01031 ]
Corporation Bank [ CORPBANK, INE112A01023 ]
Cosmo Films Limited [ COSMOFILMS, INE757A01017 ]
Country Club Hospitality & Holidays Limited [ CCHHL, INE652F01027 ]
Country Condo's Limited [ COUNCODOS, INE695B01025 ]
Credit Analysis And Research Limited [ CARERATING, INE752H01013 ]
Crest Ventures Limited [ CREST, INE559D01011 ]
CRISIL Limited [ CRISIL, INE007A01025 ]
Crompton  Greaves Limited [ CROMPGREAV, INE067A01029 ]
Crompton Greaves Consumer Electricals Limited [ CROMPTON, INE299U01018 ]
Cubex Tubings Limited [ CUBEXTUB, INE144D01012 ]
Cummins India Limited [ CUMMINSIND, INE298A01020 ]
Cybertech Systems And Software Limited [ CYBERTECH, INE214A01019 ]
Cyient Limited [ CYIENT, INE136B01020 ]
D B Realty Limited [ DBREALTY, INE879I01012 ]
D.B.Corp Limited [ DBCORP, INE950I01011 ]
Dabur India Limited [ DABUR, INE016A01026 ]
Dalmia Bharat Limited [ DALMIABHA, INE439L01019 ]
Dalmia Bharat Sugar and Industries Limited [ DALMIASUG, INE495A01022 ]
Damodar Industries Limited [ DAMODARIND, INE497D01014 ]
Datamatics Global Services Limited [ DATAMATICS, INE365B01017 ]
DB (International) Stock Brokers Limited [ DBSTOCKBRO, INE921B01025 ]
DCB BANK LIMITED [ DCBBANK, INE503A01015 ]
DCM  Limited [ DCM, INE498A01018 ]
DCM Shriram Limited [ DCMSHRIRAM, INE499A01024 ]
DCW Limited [ DCW, INE500A01029 ]
De Nora India Limited [ DENORA, INE244A01016 ]
Deccan Cements Limited [ DECCANCE, INE583C01013 ]
Deep Industries Limited [ DEEPIND, INE677H01012 ]
Deepak Fertilizers and Petrochemicals Corporation Limited [ DEEPAKFERT, INE501A01019 ]
Deepak Nitrite Limited [ DEEPAKNTR, INE288B01029 ]
Delta Corp Limited [ DELTACORP, INE124G01033 ]
Delta Magnets Limited [ DELTAMAGNT, INE393A01011 ]
Den Networks Limited [ DEN, INE947J01015 ]
Dena Bank [ DENABANK, INE077A01010 ]
Dewan Housing Finance Corporation Limited [ DHFL, INE202B01012 ]
Dhampur Sugar Mills Limited [ DHAMPURSUG, INE041A01016 ]
Dhanlaxmi Bank Limited [ DHANBANK, INE680A01011 ]
Dhanuka Agritech Limited [ DHANUKA, INE435G01025 ]
Dharani Sugars & Chemicals Limited [ DHARSUGAR, INE988C01014 ]
Dhunseri Investments Limited [ DHUNINV, INE320L01011 ]
Dhunseri Petrochem Limited [ DPL, INE477B01010 ]
Dhunseri Tea & Industries Limited [ DTIL, INE341R01014 ]
Diamond Power Infra Ltd [ DIAPOWER, INE989C01012 ]
DIC India Limited [ DICIND, INE303A01010 ]
Digjam Limited [ DIGJAMLTD, INE731U01010 ]
Dilip Buildcon Limited [ DBL, INE917M01012 ]
Dish TV India Limited [ DISHTV, INE836F01026 ]
Dishman Pharmaceuticals and Chemicals Limited [ DISHMAN, INE353G01020 ]
Divi's Laboratories Limited [ DIVISLAB, INE361B01024 ]
DLF Limited [ DLF, INE271C01023 ]
D-Link (India) Limited [ DLINKINDIA, INE250K01012 ]
Dolphin Offshore Enterprises (India) Limited [ DOLPHINOFF, INE920A01011 ]
Donear Industries Limited [ DONEAR, INE668D01028 ]
DPSC Limited [ DPSCLTD, INE360C01024 ]
DQ Entertainment (International) Limited [ DQE, INE656K01010 ]
Dr. Lal Path Labs Ltd. [ LALPATHLAB, INE600L01024 ]
Dr. Reddy's Laboratories Limited [ DRREDDY, INE089A01023 ]
Dredging Corporation of India Limited [ DREDGECORP, INE506A01018 ]
DS Kulkarni Developers Limited [ DSKULKARNI, INE891A01014 ]
Ducon Infratechnologies Limited [ DUCON, INE741L01018 ]
Dwarikesh Sugar Industries Limited [ DWARKESH, INE366A01033 ]
Dynamatic Technologies Limited [ DYNAMATECH, INE221B01012 ]
Eastern Silk Industries Limited [ EASTSILK, INE962C01027 ]
Easun Reyrolle Limited [ EASUNREYRL, INE268C01029 ]
ECE Industries Limited [ ECEIND, INE588B01014 ]
EClerx Services Limited [ ECLERX, INE738I01010 ]
Edelweiss Financial Services Limited [ EDELWEISS, INE532F01054 ]
Educomp Solutions Limited [ EDUCOMP, INE216H01027 ]
Eicher Motors Limited [ EICHERMOT, INE066A01013 ]
EID Parry India Limited [ EIDPARRY, INE126A01031 ]
EIH Associated Hotels Limited [ EIHAHOTELS, INE276C01014 ]
EIH Limited [ EIHOTEL, INE230A01023 ]
Eimco Elecon (India) Limited [ EIMCOELECO, INE158B01016 ]
E-Land Apparel Limited [ ELAND, INE311H01018 ]
Elecon Engineering Company Limited [ ELECON, INE205B01023 ]
Electrosteel Castings Limited [ ELECTCAST, INE086A01029 ]
Electrosteel Steels Limited [ ESL, INE481K01013 ]
Electrotherm (India) Limited [ ELECTHERM, INE822G01016 ]
Elgi Equipments Limited [ ELGIEQUIP, INE285A01027 ]
Elgi Rubber Company Limited [ ELGIRUBCO, INE819L01012 ]
Emami Infrastructure Limited [ EMAMIINFRA, INE778K01012 ]
Emami Limited [ EMAMILTD, INE548C01032 ]
Emco Limited [ EMCO, INE078A01026 ]
Emkay Global Financial Services Limited [ EMKAY, INE296H01011 ]
Emmbi Industries Limited [ EMMBI, INE753K01015 ]
Empee Distilleries Limited [ EDL, INE180G01019 ]
Energy Development Company Limited [ ENERGYDEV, INE306C01019 ]
Engineers India Limited [ ENGINERSIN, INE510A01028 ]
Entegra Limited [ ENTEGRA, INE826A01028 ]
Entertainment Network (India) Limited [ ENIL, INE265F01028 ]
Eon Electric Limited [ EON, INE076H01025 ]
Equitas Holdings Limited [ EQUITAS, INE988K01017 ]
Eros International Media Limited [ EROSMEDIA, INE416L01017 ]
Esab India Limited [ ESABINDIA, INE284A01012 ]
Escorts Limited [ ESCORTS, INE042A01014 ]
Ess Dee Aluminium Limited [ ESSDEE, INE825H01017 ]
Essar Shipping Limited [ ESSARSHPNG, INE122M01019 ]
Essel Propack Limited [ ESSELPACK, INE255A01020 ]
Ester Industries Limited [ ESTER, INE778B01029 ]
Euro Ceramics Limited [ EUROCERA, INE649H01011 ]
Eurotex Industries and Exports Limited [ EUROTEXIND, INE022C01012 ]
Eveready Industries India Limited [ EVEREADY, INE128A01029 ]
Everest Industries Limited [ EVERESTIND, INE295A01018 ]
Everest Kanto Cylinder Limited [ EKC, INE184H01027 ]
Everonn Education Limited [ EVERONN, INE678H01010 ]
Excel Crop Care Limited [ EXCELCROP, INE223G01017 ]
Excel Industries Limited [ EXCELINDUS, INE369A01029 ]
Excel Realty N Infra Limited [ EXCEL, INE688J01015 ]
Exide Industries Limited [ EXIDEIND, INE302A01020 ]
FAG Bearings India Limited [ FAGBEARING, INE513A01014 ]
FCS Software Solutions Limited [ FCSSOFT, INE512B01022 ]
FDC Limited [ FDC, INE258B01022 ]
Fedders Lloyd Corporation Limited [ FEDDERLOYD, INE249C01011 ]
Federal-Mogul Goetze (India) Limited. [ FMGOETZE, INE529A01010 ]
Fertilizers and Chemicals Travancore Limited [ FACT, INE188A01015 ]
Fiem Industries Limited [ FIEMIND, INE737H01014 ]
Filatex India Limited [ FILATEX, INE816B01019 ]
Financial Technologies (India) Limited [ FINANTECH, INE111B01023 ]
Fineotex Chemical Limited [ FCL, INE045J01026 ]
Finolex Cables Limited [ FINCABLES, INE235A01022 ]
Finolex Industries Limited [ FINPIPE, INE183A01016 ]
First Winner Industries Limited [ FIRSTWIN, INE315J01015 ]
Firstsource Solutions Limited [ FSL, INE684F01012 ]
Flexituff International Limited [ FLEXITUFF, INE060J01017 ]
Fortis Healthcare Limited [ FORTIS, INE061F01013 ]
Foseco India Limited [ FOSECOIND, INE519A01011 ]
Future Consumer Enterprise Limited [ FCEL, INE220J01025 ]
FUTURE ENTERPRISES LIMITED [ FEL, INE623B01027 ]
Future Enterprises Limited [ FELDVR, IN9623B01058 ]
Future Lifestyle Fashions Limited [ FLFL, INE452O01016 ]
Future Market Networks Limited [ FMNL, INE360L01017 ]
Future Retail Limited [ FRETAIL, INE752P01024 ]
Gabriel India Limited [ GABRIEL, INE524A01029 ]
GAIL (India) Limited [ GAIL, INE129A01019 ]
Gallantt Ispat Limited [ GALLISPAT, INE528K01011 ]
Gallantt Metal Limited [ GALLANTT, INE297H01019 ]
Gammon India Limited [ GAMMONIND, INE259B01020 ]
Gammon Infrastructure Projects Limited [ GAMMNINFRA, INE181G01025 ]
Gandhi Special Tubes Limited [ GANDHITUBE, INE524B01027 ]
Ganesh Housing Corporation Limited [ GANESHHOUC, INE460C01014 ]
Ganesha Ecosphere Limited [ GANECOS, INE845D01014 ]
Garden Silk Mills Limited [ GARDENSILK, INE526A01016 ]
Garware  Wall Ropes Limited [ GARWALLROP, INE276A01018 ]
Gateway Distriparks Limited [ GDL, INE852F01015 ]
GATI Limited [ GATI, INE152B01027 ]
Gayatri Projects Limited [ GAYAPROJ, INE336H01015 ]
GE Power India Limited [ GEPIL, INE878A01011 ]
GeeCee Ventures Limited [ GEECEE, INE916G01016 ]
GEI Industrial Systems Limited [ GEINDSYS, INE599B01011 ]
Gemini Communication Limited [ GEMINI, INE878C01033 ]
Genesys International Corporation Limited [ GENESYS, INE727B01026 ]
Genus Paper & Boards Limited [ GENUSPAPER, INE949P01018 ]
Genus Power Infrastructures Limited [ GENUSPOWER, INE955D01029 ]
Geojit BNP Paribas Financial Services Limited [ GEOJITBNPP, INE007B01023 ]
Geometric Limited [ GEOMETRIC, INE797A01021 ]
GHCL Limited [ GHCL, INE539A01019 ]
GIC Housing Finance Limited [ GICHSGFIN, INE289B01019 ]
Gillanders Arbuthnot & Company Limited [ GILLANDERS, INE047B01011 ]
Gillette India Limited [ GILLETTE, INE322A01010 ]
Ginni Filaments Limited [ GINNIFILA, INE424C01010 ]
Gitanjali Gems Limited [ GITANJALI, INE346H01014 ]
GKW Limited [ GKWLIMITED, INE528A01020 ]
GlaxoSmithKline Consumer Healthcare Limited [ GSKCONS, INE264A01014 ]
GlaxoSmithKline Pharmaceuticals Limited [ GLAXO, INE159A01016 ]
Glenmark Pharmaceuticals Limited [ GLENMARK, INE935A01035 ]
Global Offshore Services Limited [ GLOBOFFS, INE446C01013 ]
Global Vectra Helicorp Limited [ GLOBALVECT, INE792H01019 ]
Globus Spirits Limited [ GLOBUSSPR, INE615I01010 ]
GM Breweries Limited [ GMBREW, INE075D01018 ]
GMR Infrastructure Limited [ GMRINFRA, INE776C01039 ]
Goa Carbon Limited [ GOACARBON, INE426D01013 ]
GOCL Corporation Limited [ GOCLCORP, INE077F01035 ]
Godawari Power And Ispat limited [ GPIL, INE177H01013 ]
Godfrey Phillips India Limited [ GODFRYPHLP, INE260B01028 ]
Godrej Consumer Products Limited [ GODREJCP, INE102D01028 ]
Godrej Industries Limited [ GODREJIND, INE233A01035 ]
Godrej Properties Limited [ GODREJPROP, INE484J01027 ]
Goenka Diamond and Jewels Limited [ GOENKA, INE516K01024 ]
Gokaldas Exports Limited [ GOKEX, INE887G01027 ]
Gokul Agro Resources Limited [ GOKULAGRO, INE314T01025 ]
Gokul Refoils and Solvent Limited [ GOKUL, INE020J01029 ]
GOL Offshore Limited [ GTOFFSHORE, INE892H01017 ]
Golden Tobacco Limited [ GOLDENTOBC, INE973A01010 ]
Goldiam International Limited [ GOLDIAM, INE025B01017 ]
Goldstone Infratech Limited [ GOLDINFRA, INE260D01016 ]
Goldstone Technologies Limited [ GOLDTECH, INE805A01014 ]
Goodluck India Limited [ GOODLUCK, INE127I01024 ]
GP Petroleums Limited [ GULFPETRO, INE586G01017 ]
GPT Infraprojects Limited [ GPTINFRA, INE390G01014 ]
Granules India Limited [ GRANULES, INE101D01020 ]
Graphite India Limited [ GRAPHITE, INE371A01025 ]
Grasim Industries Limited [ GRASIM, INE047A01013 ]
Gravita India Limited [ GRAVITA, INE024L01027 ]
Greaves Cotton Limited [ GREAVESCOT, INE224A01026 ]
Green Fire Agri Commodities Limited [ GREENFIRE, INE217G01027 ]
Greenlam Industries Limited [ GREENLAM, INE544R01013 ]
Greenply Industries Limited [ GREENPLY, INE461C01038 ]
Grindwell Norton Limited [ GRINDWELL, INE536A01023 ]
GRP Limited [ GRPLTD, INE137I01015 ]
Gruh Finance Limited [ GRUH, INE580B01029 ]
GSS Infotech Limited [ GSS, INE871H01011 ]
GTL Infrastructure Limited [ GTLINFRA, INE221H01019 ]
GTL Limited [ GTL, INE043A01012 ]
GTN Industries Limited [ GTNIND, INE537A01013 ]
GTN Textiles Limited [ GTNTEX, INE302H01017 ]
Gufic Biosciences Limited [ GUFICBIO, INE742B01025 ]
Gujarat Alkalies and Chemicals Limited [ GUJALKALI, INE186A01019 ]
Gujarat Ambuja Exports Limited [ GAEL, INE036B01022 ]
Gujarat Apollo Industries Limited [ GUJAPOLLO, INE826C01016 ]
Gujarat Fluorochemicals Limited [ GUJFLUORO, INE538A01037 ]
Gujarat Gas Limited [ GUJGASLTD, INE844O01022 ]
Gujarat Industries Power Company Limited [ GIPCL, INE162A01010 ]
Gujarat Mineral Development Corporation Limited [ GMDCLTD, INE131A01031 ]
Gujarat Narmada Valley Fertilizers and Chemicals Limited [ GNFC, INE113A01013 ]
Gujarat NRE Coke Limited [ GUJNRECOKE, INE110D01013 ]
Gujarat NRE Coke Limited [ GUJNREDVR, IN9110D01011 ]
Gujarat Pipavav Port Limited [ GPPL, INE517F01014 ]
Gujarat Sidhee Cement Limited [ GSCLCEMENT, INE542A01039 ]
Gujarat State Fertilizers & Chemicals Limited [ GSFC, INE026A01025 ]
Gujarat State Petronet Limited [ GSPL, INE246F01010 ]
Gulf Oil Lubricants India Limited [ GULFOILLUB, INE635Q01029 ]
Gulshan Polyols Limited [ GULPOLY, INE255D01016 ]
GVK Power & Infrastructure Limited [ GVKPIL, INE251H01024 ]
Gyscoal Alloys Limited [ GAL, INE482J01013 ]
Hanung Toys and Textiles Limited [ HANUNG, INE648H01013 ]
Harita Seating Systems Limited [ HARITASEAT, INE939D01015 ]
Harrisons  Malayalam Limited [ HARRMALAYA, INE544A01019 ]
Hathway Cable & Datacom Limited [ HATHWAY, INE982F01036 ]
Hatsun Agro Product Limited [ HATSUN, INE473B01035 ]
Havells India Limited [ HAVELLS, INE176B01034 ]
HB Stockholdings Limited [ HBSTOCK, INE550B01014 ]
HBL Power Systems Limited [ HBLPOWER, INE292B01021 ]
HCL Infosystems Limited [ HCL-INSYS, INE236A01020 ]
HCL Technologies Limited [ HCLTECH, INE860A01027 ]
HDFC Bank Limited [ HDFCBANK, INE040A01026 ]
Healthcare Global Enterprises Limited [ HCG, INE075I01017 ]
HEG Limited [ HEG, INE545A01016 ]
HeidelbergCement India Limited [ HEIDELBERG, INE578A01017 ]
Hercules Hoists Limited [ HERCULES, INE688E01024 ]
Heritage Foods Limited [ HERITGFOOD, INE978A01019 ]
Hero MotoCorp Limited [ HEROMOTOCO, INE158A01026 ]
Hester Biosciences Limited [ HESTERBIO, INE782E01017 ]
Hexa Tradex Limited [ HEXATRADEX, INE750M01017 ]
Hexaware Technologies Limited [ HEXAWARE, INE093A01033 ]
Hikal Limited [ HIKAL, INE475B01022 ]
HIL Limited [ HIL, INE557A01011 ]
Hilton Metal Forging Limited [ HILTON, INE788H01017 ]
Himachal Futuristic Communications Limited [ HFCL, INE548A01028 ]
Himadri Speciality Chemical Limited [ HSCL, INE019C01026 ]
Himatsingka Seide Limited [ HIMATSEIDE, INE049A01027 ]
Hind Rectifiers Limited [ HIRECT, INE835D01023 ]
Hind Syntex Limited [ HINDSYNTEX, INE155B01012 ]
Hindalco Industries Limited [ HINDALCO, INE038A01020 ]
Hinduja Foundries Limited [ HINDUJAFO, INE291F01016 ]
Hinduja Global Solutions Limited [ HGS, INE170I01016 ]
Hinduja Ventures Limited [ HINDUJAVEN, INE353A01023 ]
Hindustan Composites Limited [ HINDCOMPOS, INE310C01011 ]
Hindustan Construction Company Limited [ HCC, INE549A01026 ]
Hindustan Copper Limited [ HINDCOPPER, INE531E01026 ]
Hindustan Dorr-Oliver Limited [ HINDDORROL, INE551A01022 ]
Hindustan Media Ventures Limited [ HMVL, INE871K01015 ]
Hindustan Motors Limited [ HINDMOTORS, INE253A01025 ]
Hindustan Oil Exploration Company Limited [ HINDOILEXP, INE345A01011 ]
Hindustan Organic Chemicals Limited [ HOCL, INE048A01011 ]
Hindustan Petroleum Corporation Limited [ HINDPETRO, INE094A01015 ]
Hindustan Unilever Limited [ HINDUNILVR, INE030A01027 ]
Hindustan Zinc Limited [ HINDZINC, INE267A01025 ]
Hindusthan National Glass & Industries Limited [ HINDNATGLS, INE952A01022 ]
Hitech Plast Limited [ HITECHPLAS, INE120D01012 ]
HMT Limited [ HMT, INE262A01018 ]
Honda Siel Power Products Limited [ HONDAPOWER, INE634A01018 ]
Honeywell Automation India Limited [ HONAUT, INE671A01010 ]
Hotel Leela Venture Limited [ HOTELEELA, INE102A01024 ]
Hotel Rugby Limited [ HOTELRUGBY, INE275F01019 ]
Housing Development and Infrastructure Limited [ HDIL, INE191I01012 ]
Housing Development Finance Corporation Limited [ HDFC, INE001A01036 ]
HOV Services Limited [ HOVS, INE596H01014 ]
HSIL Limited [ HSIL, INE415A01038 ]
HT Media Limited [ HTMEDIA, INE501G01024 ]
Hubtown Limited [ HUBTOWN, INE703H01016 ]
Huhtamaki PPL Limited [ PAPERPROD, INE275B01026 ]
ICICI Bank Limited [ ICICIBANK, INE090A01021 ]
ICRA Limited [ ICRA, INE725G01011 ]
ICSA (India) Limited [ ICSA, INE306B01029 ]
IDBI Bank Limited [ IDBI, INE008A01015 ]
Idea Cellular Limited [ IDEA, INE669E01016 ]
IDFC Bank Limited [ IDFCBANK, INE092T01019 ]
IDFC Limited [ IDFC, INE043D01016 ]
IFB Agro Industries Limited [ IFBAGRO, INE076C01018 ]
IFB Industries Limited [ IFBIND, INE559A01017 ]
IFCI Limited [ IFCI, INE039A01010 ]
IFGL Refractories Limited [ IFGLREFRAC, INE023B01012 ]
IG Petrochemicals Limited [ IGPL, INE204A01010 ]
Igarashi Motors India Limited [ IGARASHI, INE188B01013 ]
IIFL Holdings Limited [ IIFL, INE530B01024 ]
IL&FS Investment Managers Limited [ IVC, INE050B01023 ]
IMP Powers Limited [ INDLMETER, INE065B01013 ]
Impex Ferro Tech Limited [ IMPEXFERRO, INE691G01015 ]
Indbank Merchant Banking Services Limited [ INDBANK, INE841B01017 ]
India Glycols Limited [ INDIAGLYCO, INE560A01015 ]
India Motor Parts and Accessories Limited [ IMPAL, INE547E01014 ]
India Nippon Electricals Limited [ INDNIPPON, INE092B01017 ]
Indiabulls Housing Finance Limited [ IBULHSGFIN, INE148I01020 ]
Indiabulls Real Estate Limited [ IBREALEST, INE069I01010 ]
Indiabulls Ventures Limited [ IBVENTURES, INE274G01010 ]
Indiabulls Wholesale Services Limited [ IBWSL, INE126M01010 ]
Indian Bank [ INDIANB, INE562A01011 ]
Indian Card Clothing Company Limited [ INDIANCARD, INE061A01014 ]
Indian Hume Pipe Company Limited [ INDIANHUME, INE323C01030 ]
Indian Metals & Ferro Alloys Limited [ IMFA, INE919H01018 ]
Indian Oil Corporation Limited [ IOC, INE242A01010 ]
Indian Overseas Bank [ IOB, INE565A01014 ]
Indian Terrain Fashions Limited [ INDTERRAIN, INE611L01021 ]
Indo Count Industries Limited [ ICIL, INE483B01018 ]
Indo Rama Synthetics (India) Limited [ INDORAMA, INE156A01020 ]
Indo Tech Transformers Limited [ INDOTECH, INE332H01014 ]
Indo Thai Securities Limited [ INDOTHAI, INE337M01013 ]
Indoco Remedies Limited [ INDOCO, INE873D01024 ]
Indo-National Limited [ NIPPOBATRY, INE567A01010 ]
Indosolar Limited [ INDOSOLAR, INE866K01015 ]
Indowind Energy Limited [ INDOWIND, INE227G01018 ]
Indraprastha Gas Limited [ IGL, INE203G01019 ]
Indraprastha Medical Corporation Limited [ INDRAMEDCO, INE681B01017 ]
Ind-Swift Laboratories Limited [ INDSWFTLAB, INE915B01019 ]
Ind-Swift Limited [ INDSWFTLTD, INE788B01028 ]
IndusInd Bank Limited [ INDUSINDBK, INE095A01012 ]
Industrial Investment Trust Limited [ IITL, INE886A01014 ]
INEOS Styrolution India Limited [ INEOSSTYRO, INE189B01011 ]
Infibeam Incorporation Limited [ INFIBEAM, INE483S01012 ]
Infinite Computer Solutions (India) Limited [ INFINITE, INE486J01014 ]
Info Edge (India) Limited [ NAUKRI, INE663F01024 ]
INFOMEDIA PRESS LIMITED [ INFOMEDIA, INE669A01022 ]
Infosys Limited [ INFY, INE009A01021 ]
Ingersoll Rand (India) Limited [ INGERRAND, INE177A01018 ]
INOX Leisure Limited [ INOXLEISUR, INE312H01016 ]
Inox Wind Limited [ INOXWIND, INE066P01011 ]
Insecticides (India) Limited [ INSECTICID, INE070I01018 ]
Integra Garments and Textiles Limited [ INTEGRA, INE418N01027 ]
Intellect Design Arena Limited [ INTELLECT, INE306R01017 ]
InterGlobe Aviation Limited [ INDIGO, INE646L01027 ]
International Paper APPM Limited [ IPAPPM, INE435A01028 ]
Intrasoft Technologies Limited [ ISFT, INE566K01011 ]
Inventure Growth & Securities Limited [ INVENTURE, INE878H01016 ]
IOL Chemicals and Pharmaceuticals Limited [ IOLCP, INE485C01011 ]
IPCA Laboratories Limited [ IPCALAB, INE571A01020 ]
IRB Infrastructure Developers Limited [ IRB, INE821I01014 ]
ISMT Limited [ ISMTLTD, INE732F01019 ]
ITC Limited [ ITC, INE154A01025 ]
ITD Cementation India Limited [ ITDCEM, INE686A01026 ]
ITI Limited [ ITI, INE248A01017 ]
IVP Limited [ IVP, INE043C01018 ]
IVRCL Limited [ IVRCLINFRA, INE875A01025 ]
IZMO Limited [ IZMO, INE848A01014 ]
J.Kumar Infraprojects Limited [ JKIL, INE576I01022 ]
Jagran Prakashan Limited [ JAGRAN, INE199G01027 ]
Jagsonpal Pharmaceuticals Limited [ JAGSNPHARM, INE048B01027 ]
Jai Balaji Industries Limited [ JAIBALAJI, INE091G01018 ]
Jai Corp Limited [ JAICORPLTD, INE070D01027 ]
Jain Irrigation Systems Limited [ JISLDVREQS, IN9175A01010 ]
Jain Irrigation Systems Limited [ JISLJALEQS, INE175A01038 ]
Jain Studios Limited [ JAINSTUDIO, INE486B01011 ]
Jaiprakash Associates Limited [ JPASSOCIAT, INE455F01025 ]
Jaiprakash Power Ventures Limited [ JPPOWER, INE351F01018 ]
Jamna Auto Industries Limited [ JAMNAAUTO, INE039C01024 ]
Jay Bharat Maruti Limited [ JAYBARMARU, INE571B01028 ]
Jayant Agro Organics Limited [ JAYAGROGN, INE785A01026 ]
Jayaswal Neco Industries Limited [ JAYNECOIND, INE854B01010 ]
Jaypee Infratech Limited [ JPINFRATEC, INE099J01015 ]
Jayshree Tea & Industries Limited [ JAYSREETEA, INE364A01020 ]
JB Chemicals & Pharmaceuticals Limited [ JBCHEPHARM, INE572A01028 ]
JBF Industries Limited [ JBFIND, INE187A01017 ]
JBM Auto Limited [ JBMA, INE927D01028 ]
Jenson & Nicholson (India) Limited [ JENSONICOL, INE819B01021 ]
Jet Airways (India) Limited [ JETAIRWAYS, INE802G01018 ]
JHS Svendgaard Laboratories Limited [ JHS, INE544H01014 ]
Jindal Cotex Limited [ JINDCOT, INE904J01016 ]
Jindal Drilling And Industries Limited [ JINDRILL, INE742C01031 ]
Jindal Photo Limited [ JINDALPHOT, INE796G01012 ]
Jindal Poly Films Limited [ JINDALPOLY, INE197D01010 ]
Jindal Poly Investment and Finance Company Limited [ JPOLYINVST, INE147P01019 ]
Jindal Saw Limited [ JINDALSAW, INE324A01024 ]
Jindal Stainless (Hisar) Limited [ JSLHISAR, INE455T01018 ]
Jindal Stainless Limited [ JSL, INE220G01021 ]
Jindal Steel & Power Limited [ JINDALSTEL, INE749A01030 ]
Jindal Worldwide Limited [ JINDWORLD, INE247D01013 ]
JK Cement Limited [ JKCEMENT, INE823G01014 ]
JK Lakshmi Cement Limited [ JKLAKSHMI, INE786A01032 ]
JK Paper Limited [ JKPAPER, INE789E01012 ]
JK Tyre & Industries Limited [ JKTYRE, INE573A01042 ]
JM Financial Limited [ JMFINANCIL, INE780C01023 ]
JMC Projects (India)  Limited [ JMCPROJECT, INE890A01016 ]
JMT Auto Limited [ JMTAUTOLTD, INE988E01028 ]
Jocil Limited [ JOCIL, INE839G01010 ]
Johnson Controls \u0096 Hitachi Air Conditioning India Limited [ JCHAC, INE782A01015 ]
JSW Energy Limited [ JSWENERGY, INE121E01018 ]
JSW Holdings Limited [ JSWHL, INE824G01012 ]
JSW Steel Limited [ JSWSTEEL, INE019A01020 ]
Jubilant Foodworks Limited [ JUBLFOOD, INE797F01012 ]
Jubilant Industries Limited [ JUBLINDS, INE645L01011 ]
Jubilant Life Sciences Limited [ JUBILANT, INE700A01033 ]
Jullundur Motor Agency (Delhi) Limited [ JMA, INE412C01015 ]
Just Dial Limited [ JUSTDIAL, INE599M01018 ]
JVL Agro Industries Limited [ JVLAGRO, INE430G01026 ]
Jyothy Laboratories Limited [ JYOTHYLAB, INE668F01031 ]
Jyoti Structures Limited [ JYOTISTRUC, INE197A01024 ]
K.M.Sugar Mills Limited [ KMSUGAR, INE157H01023 ]
K.P.R. Mill Limited [ KPRMILL, INE930H01015 ]
Kabra Extrusion Technik Limited [ KABRAEXTRU, INE900B01029 ]
Kajaria Ceramics Limited [ KAJARIACER, INE217B01028 ]
Kakatiya Cement Sugar & Industries Limited [ KAKATCEM, INE437B01014 ]
Kalindee Rail Nirman (Engineers) Limited [ KALINDEE, INE178D01010 ]
Kalpataru Power Transmission Limited [ KALPATPOWR, INE220B01022 ]
Kalyani Forge Limited [ KALYANIFRG, INE314G01014 ]
Kalyani Investment Company Limited [ KICL, INE029L01018 ]
Kalyani Steels Limited [ KSL, INE907A01026 ]
Kamat Hotels (I) Limited [ KAMATHOTEL, INE967C01018 ]
Kamdhenu Limited [ KAMDHENU, INE390H01012 ]
Kanani Industries Limited [ KANANIIND, INE879E01037 ]
Kanoria Chemicals & Industries Limited [ KANORICHEM, INE138C01024 ]
Kansai Nerolac Paints Limited [ KANSAINER, INE531A01024 ]
Karma Energy Limited [ KARMAENG, INE725L01011 ]
Karur Vysya Bank Limited [ KARURVYSYA, INE036D01010 ]
Karuturi Global Limited [ KGL, INE299C01024 ]
Kaushalya Infrastructure Development Corporation Limited [ KAUSHALYA, INE234I01010 ]
Kaveri Seed Company Limited [ KSCL, INE455I01029 ]
Kavveri Telecom Products Limited [ KAVVERITEL, INE641C01019 ]
Kaya Limited [ KAYA, INE587G01015 ]
KCP Limited [ KCP, INE805C01028 ]
KCP Sugar and Industries Corporation Limited [ KCPSUGIND, INE790B01024 ]
KDDL Limited [ KDDL, INE291D01011 ]
KEC International Limited [ KEC, INE389H01022 ]
KEI Industries Limited [ KEI, INE878B01027 ]
Kellton Tech Solutions Limited [ KELLTONTEC, INE164B01022 ]
Kernex Microsystems (India) Limited [ KERNEX, INE202H01019 ]
Kesar Enterprises Limited [ KESARENT, INE133B01019 ]
Kesar Terminals & Infrastructure Limited [ KTIL, INE096L01025 ]
Kesoram Industries Limited [ KESORAMIND, INE087A01019 ]
Kewal Kiran Clothing Limited [ KKCL, INE401H01017 ]
Keynote Corporate Services Limited [ KEYCORPSER, INE681C01015 ]
Khaitan Electricals Limited [ KHAITANELE, INE761A01019 ]
Khandwala Securities Limited [ KHANDSE, INE060B01014 ]
Kilitch Drugs (India) Limited [ KILITCH, INE729D01010 ]
Kiri Industries Limited [ KIRIINDUS, INE415I01015 ]
Kirloskar Brothers Limited [ KIRLOSBROS, INE732A01036 ]
Kirloskar Electric Company Limited [ KECL, INE134B01017 ]
Kirloskar Industries Limited [ KIRLOSIND, INE250A01039 ]
Kirloskar Oil Engines Limited [ KIRLOSENG, INE146L01010 ]
Kitex Garments Limited [ KITEX, INE602G01020 ]
KNR Constructions Limited [ KNRCON, INE634I01011 ]
Kohinoor Foods Limited [ KOHINOOR, INE080B01012 ]
Kokuyo Camlin Limited [ KOKUYOCMLN, INE760A01029 ]
Kolte - Patil Developers Limited [ KOLTEPATIL, INE094I01018 ]
Kopran Limited [ KOPRAN, INE082A01010 ]
Kotak Mahindra Bank Limited [ KOTAKBANK, INE237A01028 ]
Kothari Petrochemicals Limited [ KOTHARIPET, INE720A01015 ]
Kothari Products Limited [ KOTHARIPRO, INE823A01017 ]
Kothari Sugars And Chemicals Limited [ KOTARISUG, INE419A01022 ]
KPIT Technologies Limited [ KPIT, INE836A01035 ]
KRBL Limited [ KRBL, INE001B01026 ]
Kridhan Infra Limited [ KRIDHANINF, INE524L01026 ]
KSB Pumps Limited [ KSBPUMPS, INE999A01015 ]
KSK Energy Ventures Limited [ KSK, INE143H01015 ]
KSS Limited [ KSERASERA, INE216D01026 ]
Kwality limited [ KWALITY, INE775B01025 ]
La Opala RG Limited [ LAOPALA, INE059D01020 ]
Lakshmi Energy and Foods Limited [ LAKSHMIEFL, INE992B01026 ]
Lakshmi Finance & Industrial Corporation Limited [ LFIC, INE850E01012 ]
Lakshmi Machine Works Limited [ LAXMIMACH, INE269B01029 ]
Lakshmi Precision Screws Limited [ LAKPRE, INE651C01018 ]
Lakshmi Vilas Bank Limited [ LAKSHVILAS, INE694C01018 ]
Lambodhara Textiles Limited [ LAMBODHARA, INE112F01022 ]
Lanco Infratech Limited [ LITL, INE785C01048 ]
Landmark Property Development Company Limited [ LPDC, INE197J01017 ]
Larsen & Toubro Infotech Limited [ LTI, INE214T01019 ]
Larsen & Toubro Limited [ LT, INE018A01030 ]
LCC Infotech Limited [ LCCINFOTEC, INE938A01021 ]
LG Balakrishnan & Bros Limited [ LGBBROSLTD, INE337A01034 ]
LGB Forge Limited [ LGBFORGE, INE201J01017 ]
Liberty Shoes Limited [ LIBERTSHOE, INE557B01019 ]
LIC Housing Finance Limited [ LICHSGFIN, INE115A01026 ]
Linc Pen & Plastics Limited [ LINCPEN, INE802B01019 ]
Lincoln Pharmaceuticals Limited [ LINCOLN, INE405C01035 ]
Linde India Limited [ LINDEINDIA, INE473A01011 ]
Lloyd Electric & Engineering Limited [ LLOYDELENG, INE245C01019 ]
Lloyds Steels Industries Limited [ LSIL, INE093R01011 ]
LML Limited [ LML, INE862A01015 ]
Lokesh Machines Limited [ LOKESHMACH, INE397H01017 ]
Lotus Eye Care Hospital Limited [ LOTUSEYE, INE947I01017 ]
Lovable Lingerie Limited [ LOVABLE, INE597L01014 ]
LT Foods Limited [ DAAWAT, INE818H01012 ]
Lumax Auto Technologies Limited [ LUMAXTECH, INE872H01019 ]
Lumax Automotive Systems Limited [ LUMAXAUTO, INE547G01019 ]
Lumax Industries Limited [ LUMAXIND, INE162B01018 ]
Lupin Limited [ LUPIN, INE326A01037 ]
Lux Industries Limited [ LUXIND, INE150G01020 ]
Lycos Internet Limited [ LYCOS, INE425B01027 ]
Lyka Labs Limited [ LYKALABS, INE933A01014 ]
Lypsa Gems & Jewellery Limited [ LYPSAGEMS, INE142K01011 ]
Maan Aluminium Limited [ MAANALU, INE215I01019 ]
Madhav Marbles and Granites Limited [ MADHAV, INE925C01016 ]
Madhucon Projects Limited [ MADHUCON, INE378D01032 ]
Madras Fertilizers Limited [ MADRASFERT, INE414A01015 ]
Magma Fincorp Limited [ MAGMA, INE511C01022 ]
Magnum Ventures Limited [ MAGNUM, INE387I01016 ]
Mahamaya Steel Industries Limited [ MAHASTEEL, INE451L01014 ]
Mahanagar Gas Limited [ MGL, INE002S01010 ]
Mahanagar Telephone Nigam Limited [ MTNL, INE153A01019 ]
Maharashtra Scooters Limited [ MAHSCOOTER, INE288A01013 ]
Maharashtra Seamless Limited [ MAHSEAMLES, INE271B01025 ]
Mahindra CIE Automotive Limited [ MAHINDCIE, INE536H01010 ]
Mahindra Holidays & Resorts India Limited [ MHRIL, INE998I01010 ]
Mahindra Lifespace Developers Limited [ MAHLIFE, INE813A01018 ]
Maithan Alloys Limited [ MAITHANALL, INE683C01011 ]
Majesco Limited [ MAJESCO, INE898S01029 ]
Malu Paper Mills Limited [ MALUPAPER, INE383H01017 ]
Malwa Cotton Spg. Mills Limited [ MALWACOTT, INE272B01015 ]
Man Industries (India) Limited [ MANINDS, INE993A01026 ]
Man Infraconstruction Limited [ MANINFRA, INE949H01023 ]
Manaksia Aluminium Company Limited [ MANAKALUCO, INE859Q01017 ]
Manaksia Coated Metals & Industries Limited [ MANAKCOAT, INE830Q01018 ]
Manaksia Industries Limited [ MANAKINDST, INE831Q01016 ]
Manaksia Limited [ MANAKSIA, INE015D01022 ]
Manaksia Steels Limited [ MANAKSTEEL, INE824Q01011 ]
Manali Petrochemicals Limited [ MANALIPETC, INE201A01024 ]
Manappuram Finance Limited [ MANAPPURAM, INE522D01027 ]
Mandhana Industries Limited [ MANDHANA, INE087J01010 ]
Mangalam Cement Limited [ MANGLMCEM, INE347A01017 ]
Mangalam Drugs And Organics Limited [ MANGALAM, INE584F01014 ]
Mangalam Timber Products Limited [ MANGTIMBER, INE805B01012 ]
Mangalore Chemicals & Fertilizers Limited [ MANGCHEFER, INE558B01017 ]
Mangalore Refinery and Petrochemicals Limited [ MRPL, INE103A01014 ]
Manpasand Beverages Limited [ MANPASAND, INE122R01018 ]
Manugraph India Limited [ MANUGRAPH, INE867A01022 ]
Maral Overseas Limited [ MARALOVER, INE882A01013 ]
Marico Limited [ MARICO, INE196A01026 ]
Marksans Pharma Limited [ MARKSANS, INE750C01026 ]
Maruti Suzuki India Limited [ MARUTI, INE585B01010 ]
Mastek Limited [ MASTEK, INE759A01021 ]
Mawana Sugars Limited [ MAWANASUG, INE636A01039 ]
Max Financial Services Limited [ MFSL, INE180A01020 ]
Max India Limited [ MAXINDIA, INE153U01017 ]
Max Ventures and Industries Limited [ MAXVIL, INE154U01015 ]
Maxwell Industries Limited [ MAXWELL, INE450G01024 ]
Mayur Uniquoters Ltd [ MAYURUNIQ, INE040D01038 ]
MBL Infrastructures Limited [ MBLINFRA, INE912H01013 ]
McDowell Holdings Limited [ MCDHOLDING, INE836H01014 ]
Mcleod Russel India Limited [ MCLEODRUSS, INE942G01012 ]
Mcnally Bharat Engineering Company Limited [ MBECL, INE748A01016 ]
Megasoft Limited [ MEGASOFT, INE933B01012 ]
Meghmani Organics Limited [ MEGH, INE974H01013 ]
Melstar Information Technologies Limited [ MELSTAR, INE817A01019 ]
Menon Bearings Limited [ MENONBE, INE071D01033 ]
MEP Infrastructure Developers Limited [ MEP, INE776I01010 ]
Mercator Limited [ MERCATOR, INE934B01028 ]
Merck Limited [ MERCK, INE199A01012 ]
Metalyst Forgings Limited [ METALFORGE, INE425A01011 ]
Metkore Alloys & Industries Limited [ METKORE, INE592I01029 ]
MIC Electronics Limited [ MIC, INE287C01029 ]
Microsec Financial Services Limited [ MICROSEC, INE019J01013 ]
Minda Corporation Limited [ MINDACORP, INE842C01021 ]
Minda Industries Limited [ MINDAIND, INE405E01023 ]
Mindteck (India) Limited [ MINDTECK, INE110B01017 ]
MindTree Limited [ MINDTREE, INE018I01017 ]
MIRC Electronics Limited [ MIRCELECTR, INE831A01028 ]
Mirza International Limited [ MIRZAINT, INE771A01026 ]
MM Forgings Limited [ MMFL, INE227C01017 ]
MMTC Limited [ MMTC, INE123F01029 ]
Mohit Industries Limited [ MOHITIND, INE954E01012 ]
MOIL Limited [ MOIL, INE490G01020 ]
Mold-Tek Packaging Limited [ MOLDTKPAC, INE893J01029 ]
Mold-Tek Technologies Limited [ MOLDTECH, INE835B01035 ]
Monnet Ispat and Energy Limited [ MONNETISPA, INE743C01013 ]
Monsanto India Limited [ MONSANTO, INE274B01011 ]
Monte Carlo Fashions Limited [ MONTECARLO, INE950M01013 ]
Morarjee Textiles Limited [ MORARJEE, INE161G01027 ]
Morepen Laboratories Limited [ MOREPENLAB, INE083A01026 ]
Moser-Baer (I) Limited [ MOSERBAER, INE739A01015 ]
Motherson Sumi Systems Limited [ MOTHERSUMI, INE775A01035 ]
Motilal Oswal Financial Services Limited [ MOTILALOFS, INE338I01027 ]
MphasiS Limited [ MPHASIS, INE356A01018 ]
MPS Limited [ MPSLTD, INE943D01017 ]
MRF Limited [ MRF, INE883A01011 ]
MRO-TEK Limited [ MRO-TEK, INE398B01018 ]
MSP Steel & Power Limited [ MSPL, INE752G01015 ]
MT Educare Limited [ MTEDUCARE, INE472M01018 ]
Mukand Engineers Limited [ MUKANDENGG, INE022B01014 ]
Mukand Limited [ MUKANDLTD, INE304A01026 ]
Mukta Arts Limited [ MUKTAARTS, INE374B01019 ]
Multi Commodity Exchange of India Limited [ MCX, INE745G01035 ]
Munjal Auto Industries Limited [ MUNJALAU, INE672B01032 ]
Munjal Showa Limited [ MUNJALSHOW, INE577A01027 ]
Murudeshwar Ceramics Limited [ MURUDCERA, INE692B01014 ]
Muthoot Capital Services Limited [ MUTHOOTCAP, INE296G01013 ]
Muthoot Finance Limited [ MUTHOOTFIN, INE414G01012 ]
MVL Limited [ MVL, INE744I01034 ]
Naga Dhunseri Group Limited [ NDGL, INE756C01015 ]
Nagarjuna Fertilizers and Chemicals Limited [ NAGAFERT, INE454M01024 ]
Nagarjuna Oil Refinery Limited [ NAGAROIL, INE453M01018 ]
Nagreeka Capital & Infrastructure Limited [ NAGREEKCAP, INE245I01016 ]
Nagreeka Exports Limited [ NAGREEKEXP, INE123B01028 ]
Nahar Capital and Financial Services Limited [ NAHARCAP, INE049I01012 ]
Nahar Industrial Enterprises Limited [ NAHARINDUS, INE289A01011 ]
Nahar Poly Films Limited [ NAHARPOLY, INE308A01027 ]
Nahar Spinning Mills Limited [ NAHARSPING, INE290A01027 ]
Nakoda Limited [ NAKODA, INE559B01023 ]
Nalwa Sons Investments Limited [ NSIL, INE023A01030 ]
Nandan Denim Limited [ NDL, INE875G01030 ]
Narayana Hrudayalaya Ltd. [ NH, INE410P01011 ]
Natco Pharma Limited [ NATCOPHARM, INE987B01026 ]
Nath Bio-Genes (India) Limited [ NATHBIOGEN, INE448G01010 ]
National Aluminium Company Limited [ NATIONALUM, INE139A01034 ]
National Fertilizers Limited [ NFL, INE870D01012 ]
National Steel And Agro Industries Limited [ NATNLSTEEL, INE088B01015 ]
Nava Bharat Ventures Limited [ NBVENTURES, INE725A01022 ]
Navin Fluorine International Limited [ NAVINFLUOR, INE048G01018 ]
Navkar Corporation Limited [ NAVKARCORP, INE278M01019 ]
Navneet Education Limited [ NAVNETEDUL, INE060A01024 ]
NBCC (INDIA) LIMITED [ NBCC, INE095N01023 ]
NCC Limited [ NCC, INE868B01028 ]
NCL Industries Limited [ NCLIND, INE732C01016 ]
Nectar Lifesciences Limited [ NECLIFE, INE023H01027 ]
Nelcast Limited [ NELCAST, INE189I01024 ]
NELCO Limited [ NELCO, INE045B01015 ]
NEPC India Limited [ NEPCMICON, INE588A01016 ]
Nesco Limited [ NESCO, INE317F01027 ]
Nestle India Limited [ NESTLEIND, INE239A01016 ]
Network18 Media & Investments Limited [ NETWORK18, INE870H01013 ]
Neuland Laboratories Limited [ NEULANDLAB, INE794A01010 ]
New Delhi Television Limited [ NDTV, INE155G01029 ]
Next Mediaworks Limited [ NEXTMEDIA, INE747B01016 ]
NHPC Limited [ NHPC, INE848E01016 ]
Nicco Corporation Limited [ NICCO, INE241C01026 ]
NIIT Limited [ NIITLTD, INE161A01038 ]
NIIT Technologies Limited [ NIITTECH, INE591G01017 ]
Nila Infrastructures Limited [ NILAINFRA, INE937C01029 ]
Nilkamal Limited [ NILKAMAL, INE310A01015 ]
Nitco Limited [ NITCO, INE858F01012 ]
Nitesh Estates Limited [ NITESHEST, INE639K01016 ]
Nitin Fire Protection Industries Limited [ NITINFIRE, INE489H01020 ]
Nitin Spinners Limited [ NITINSPIN, INE229H01012 ]
NK Industries Limited [ NKIND, INE542C01019 ]
NLC India Limited [ NLCINDIA, INE589A01014 ]
NMDC Limited [ NMDC, INE584A01023 ]
NOCIL Limited [ NOCIL, INE163A01018 ]
Noida Toll Bridge Company Limited [ NOIDATOLL, INE781B01015 ]
North Eastern Carrying Corporation Limited [ NECCLTD, INE553C01016 ]
NRB Bearing Limited [ NRBBEARING, INE349A01021 ]
NRB Industrial Bearings Limited [ NIBL, INE047O01014 ]
NTPC Limited [ NTPC, INE733E01010 ]
Nu Tek India Limited [ NUTEK, INE318J01027 ]
Nucleus Software Exports Limited [ NUCLEUS, INE096B01018 ]
Oberoi Realty Limited [ OBEROIRLTY, INE093I01010 ]
OCL India Limited [ OCL, INE290B01025 ]
OCL Iron and Steel Limited [ OISL, INE196J01019 ]
Oil & Natural Gas Corporation Limited [ ONGC, INE213A01029 ]
Oil Country Tubular Limited [ OILCOUNTUB, INE591A01010 ]
Oil India Limited [ OIL, INE274J01014 ]
OM Metals Infraprojects Limited [ OMMETALS, INE239D01028 ]
Omax Autos Limited [ OMAXAUTO, INE090B01011 ]
Omaxe Limited [ OMAXE, INE800H01010 ]
Omkar Speciality Chemicals Limited [ OMKARCHEM, INE474L01016 ]
Onelife Capital Advisors Limited [ ONELIFECAP, INE912L01015 ]
OnMobile Global Limited [ ONMOBILE, INE809I01019 ]
Onward Technologies Limited [ ONWARDTEC, INE229A01017 ]
Opto Circuits (India) Limited [ OPTOCIRCUI, INE808B01016 ]
Oracle Financial Services Software Limited [ OFSS, INE881D01027 ]
Orbit Corporation Limited [ ORBITCORP, INE628H01015 ]
Orbit Exports Limited [ ORBTEXP, INE231G01010 ]
Orchid Pharma Limited [ ORCHIDPHAR, INE191A01019 ]
Oricon Enterprises Limited [ ORICONENT, INE730A01022 ]
Orient Abrasives Limited [ ORIENTABRA, INE569C01020 ]
Orient Bell Limited [ ORIENTBELL, INE607D01018 ]
Orient Cement Limited [ ORIENTCEM, INE876N01018 ]
Orient Green Power Company Limited [ GREENPOWER, INE999K01014 ]
Orient Paper & Industries Limited [ ORIENTPPR, INE592A01026 ]
Orient Press Limited [ ORIENTLTD, INE609C01024 ]
Orient Refractories Limited [ ORIENTREF, INE743M01012 ]
Oriental Bank of Commerce [ ORIENTBANK, INE141A01014 ]
Oriental Carbon & Chemicals Limited [ OCCL, INE321D01016 ]
Oriental Hotels Limited [ ORIENTHOT, INE750A01020 ]
Oriental Trimex Limited [ ORIENTALTL, INE998H01012 ]
Ortel Communications Limited [ ORTEL, INE849L01019 ]
Ortin Laboratories Limited [ ORTINLABSS, INE749B01012 ]
Oswal Chemicals & Fertilizers Limited [ BINDALAGRO, INE143A01010 ]
PAE Limited [ PAEL, INE766A01018 ]
Page Industries Limited [ PAGEIND, INE761H01022 ]
Palred Technologies Limited [ PALREDTEC, INE218G01033 ]
Panacea Biotec Limited [ PANACEABIO, INE922B01023 ]
Panama Petrochem Limited [ PANAMAPET, INE305C01029 ]
Panoramic Universal Limited [ PANORAMUNI, INE194B01029 ]
Parabolic Drugs Limited [ PARABDRUGS, INE618H01016 ]
Parag Milk Foods Limited [ PARAGMILK, INE883N01014 ]
Paramount Communications Limited [ PARACABLES, INE074B01023 ]
Paramount Printpackaging Limited [ PARAPRINT, INE702L01010 ]
Paras Petrofils Limited [ PARASPETRO, INE162C01024 ]
Parenteral Drugs (India) Limited [ PDPL, INE904D01019 ]
Parrys Sugar Industries Limited [ PARRYSUGAR, INE353B01021 ]
Parsvnath Developers Limited [ PARSVNATH, INE561H01026 ]
Patel Engineering Limited [ PATELENG, INE244B01030 ]
Patel Integrated Logistics Limited [ PATINTLOG, INE529D01014 ]
Patspin India Limited [ PATSPINLTD, INE790C01014 ]
PBA Infrastructure Limited [ PBAINFRA, INE160H01019 ]
PC Jeweller Limited [ PCJEWELLER, INE785M01013 ]
PDS Multinational Fashions Limited [ PDSMFL, INE111Q01013 ]
Pearl Global Industries Limited [ PGIL, INE940H01014 ]
Pearl Polymers Limited [ PEARLPOLY, INE844A01013 ]
Peninsula Land Limited [ PENINLAND, INE138A01028 ]
Pennar Engineered Building Systems Limited [ PENPEBS, INE455O01019 ]
Pennar Industries Limited [ PENIND, INE932A01024 ]
Persistent Systems Limited [ PERSISTENT, INE262H01013 ]
Petron Engineering Construction Limited [ PETRONENGG, INE742A01019 ]
Petronet LNG Limited [ PETRONET, INE347G01014 ]
Pfizer Limited [ PFIZER, INE182A01018 ]
PG Electroplast Limited [ PGEL, INE457L01011 ]
Phillips Carbon Black Limited [ PHILIPCARB, INE602A01015 ]
Phoenix Lamps Limited [ PHOENIXLL, INE455B01016 ]
PI Industries Limited [ PIIND, INE603J01030 ]
Pidilite Industries Limited [ PIDILITIND, INE318A01026 ]
PIL ITALICA LIFESTYLE LIMITED [ PILITA, INE600A01035 ]
Pilani Investment and Industries Corporation Limited [ PILANIINVS, INE417C01014 ]
Pincon Spirit Limited [ PINCON, INE675G01018 ]
Pioneer Distilleries Limited [ PIONDIST, INE889E01010 ]
Pioneer Embroideries Limited [ PIONEEREMB, INE156C01018 ]
Piramal Enterprises Limited [ PEL, INE140A01024 ]
Piramal Phytocare Limited [ PIRPHYTO, INE122J01015 ]
Pitti Laminations Limited [ PITTILAM, INE450D01021 ]
Plastiblends India Limited [ PLASTIBLEN, INE083C01022 ]
PNB Gilts Limited [ PNBGILTS, INE859A01011 ]
PNC Infratech Limited [ PNCINFRA, INE195J01029 ]
Pneumatic Holdings Limited [ PNEUMATIC, INE096T01010 ]
Pochiraju Industries Limited [ POCHIRAJU, INE332G01032 ]
Pokarna Limited [ POKARNA, INE637C01017 ]
POLARIS CONSULTING & SERVICES LIMITED [ POLARIS, INE763A01023 ]
Poly Medicure Limited [ POLYMED, INE205C01021 ]
Polyplex Corporation Limited [ POLYPLEX, INE633B01018 ]
Ponni Sugars (Erode) Limited [ PONNIERODE, INE838E01017 ]
Power Finance Corporation Limited [ PFC, INE134E01011 ]
Power Grid Corporation of India Limited [ POWERGRID, INE752E01010 ]
Power Mech Projects Limited [ POWERMECH, INE211R01019 ]
PPAP Automotive Limited [ PPAP, INE095I01015 ]
Prabhat Dairy Limited [ PRABHAT, INE302M01033 ]
Praj Industries Limited [ PRAJIND, INE074A01025 ]
Prajay Engineers Syndicate Limited [ PRAENG, INE505C01016 ]
Prakash Constrowell Limited [ PRAKASHCON, INE023M01027 ]
Prakash Industries Limited [ PRAKASH, INE603A01013 ]
Prakash Steelage Limited [ PRAKASHSTL, INE696K01024 ]
Pratibha Industries Limited [ PRATIBHA, INE308H01022 ]
Precision Camshafts Limited [ PRECAM, INE484I01029 ]
Precision Wires India Limited [ PRECWIRE, INE372C01029 ]
Precot Meridian Limited [ PRECOT, INE283A01014 ]
Premier Explosives Limited [ PREMEXPLN, INE863B01011 ]
Premier Limited [ PREMIER, INE342A01018 ]
Premier Polyfilm Limited [ PREMIERPOL, INE309M01012 ]
Pressman Advertising Limited [ PRESSMN, INE980A01023 ]
Prestige Estates Projects Limited [ PRESTIGE, INE811K01011 ]
Pricol Limited [ PRICOL, INE605A01026 ]
Prime Focus Limited [ PFOCUS, INE367G01038 ]
Prime Securities Limited [ PRIMESECU, INE032B01021 ]
Prism Cement Limited [ PRISMCEM, INE010A01011 ]
Pritish Nandy Communications Limited [ PNC, INE392B01011 ]
Procter & Gamble Hygiene and Health Care Limited [ PGHH, INE179A01014 ]
Provogue (India) Limited [ PROVOGE, INE968G01033 ]
Prozone Intu Properties Limited [ PROZONINTU, INE195N01013 ]
PSL Limited [ PSL, INE474B01017 ]
PTC India Financial Services Limited [ PFS, INE560K01014 ]
PTC India Limited [ PTC, INE877F01012 ]
PTL Enterprises Limited [ PTL, INE034D01031 ]
Pudumjee Industries Limited [ PDUMJEIND, INE105C01023 ]
Pudumjee Paper Products Limited [ PDMJEPAPER, INE865T01018 ]
Pudumjee Pulp & Paper Mills Limited [ PDUMJEPULP, INE606A01024 ]
Punj Lloyd Limited [ PUNJLLOYD, INE701B01021 ]
Punjab & Sind Bank [ PSB, INE608A01012 ]
Punjab Chemicals & Crop Protection Limited [ PUNJABCHEM, INE277B01014 ]
Punjab National Bank [ PNB, INE160A01022 ]
Puravankara Projects Limited [ PURVA, INE323I01011 ]
PVP Ventures Limited [ PVP, INE362A01016 ]
PVR Limited [ PVR, INE191H01014 ]
Quess Corp Limited [ QUESS, INE615P01015 ]
Quick Heal Technologies Limited [ QUICKHEAL, INE306L01010 ]
R Systems International Limited [ RSYSTEMS, INE411H01032 ]
R. S. Software (India) Limited [ RSSOFTWARE, INE165B01029 ]
R.P.P. Infra Projects Limited [ RPPINFRA, INE324L01013 ]
Radha Madhav Corporation Limited [ RMCL, INE172H01014 ]
Radico Khaitan Limited [ RADICO, INE944F01028 ]
Rain Industries Limited [ RAIN, INE855B01025 ]
Rainbow Papers Limited [ RAINBOWPAP, INE028D01025 ]
Raisaheb Reckhchand Mohota Spinning & Weaving Mills Limited [ RAIREKMOH, INE313D01013 ]
Raj Rayon Industries Limited [ RAJRAYON, INE533D01024 ]
Raj Television Network Limited [ RAJTV, INE952H01027 ]
Rajesh Exports Limited [ RAJESHEXPO, INE343B01030 ]
Rajshree Sugars & Chemicals Limited [ RAJSREESUG, INE562B01019 ]
Rajvir Industries Limited [ RAJVIR, INE011H01014 ]
Rallis India Limited [ RALLIS, INE613A01020 ]
Rama Steel Tubes Limited [ RAMASTEEL, INE230R01027 ]
Ramco Industries Limited [ RAMCOIND, INE614A01028 ]
Ramco Systems Limited [ RAMCOSYS, INE246B01019 ]
Ramkrishna Forgings Limited [ RKFORGE, INE399G01015 ]
Ramky Infrastructure Limited [ RAMKY, INE874I01013 ]
Ramsarup Industries Limited [ RAMSARUP, INE005D01015 ]
Rana Sugars Limited [ RANASUG, INE625B01014 ]
Rane (Madras) Limited [ RML, INE050H01012 ]
Rane Brake Lining Limited [ RBL, INE244J01017 ]
Rane Engine Valve Limited [ RANEENGINE, INE222J01013 ]
Rane Holdings Limited [ RANEHOLDIN, INE384A01010 ]
Rashtriya Chemicals and Fertilizers Limited [ RCF, INE027A01015 ]
Rasoya Proteins Limited [ RASOYPR, INE904G01038 ]
Ratnamani Metals & Tubes Limited [ RATNAMANI, INE703B01027 ]
RattanIndia Infrastructure Limited [ RTNINFRA, INE834M01019 ]
RattanIndia Power Limited [ RTNPOWER, INE399K01017 ]
Ravi Kumar Distilleries Limited [ RKDL, INE722J01012 ]
Raymond Limited [ RAYMOND, INE301A01014 ]
RBL Bank Limited [ RBLBANK, INE976G01028 ]
Redington (India) Limited [ REDINGTON, INE891D01026 ]
Refex Industries Limited [ REFEX, INE056I01017 ]
Regency Ceramics Limited [ REGENCERAM, INE277C01012 ]
Rei Agro Limited [ REIAGROLTD, INE385B01031 ]
Relaxo Footwears Limited [ RELAXO, INE131B01039 ]
Reliance Capital Limited [ RELCAPITAL, INE013A01015 ]
Reliance Communications Limited [ RCOM, INE330H01018 ]
Reliance Defence and Engineering Limited [ RDEL, INE542F01012 ]
Reliance Industrial Infrastructure Limited [ RIIL, INE046A01015 ]
Reliance Industries Limited [ RELIANCE, INE002A01018 ]
Reliance Infrastructure Limited [ RELINFRA, INE036A01016 ]
Reliance Power Limited [ RPOWER, INE614G01033 ]
Religare Enterprises Limited [ RELIGARE, INE621H01010 ]
Remsons Industries Limited [ REMSONSIND, INE474C01015 ]
Renaissance Jewellery Limited [ RJL, INE722H01016 ]
Repco Home Finance Limited [ REPCOHOME, INE612J01015 ]
Repro India Limited [ REPRO, INE461B01014 ]
Responsive Industries Limited [ RESPONIND, INE688D01026 ]
Resurgere Mines & Minerals Limited [ RMMIL, INE774I01031 ]
Revathi Equipment Limited [ REVATHI, INE617A01013 ]
Rico Auto Industries Limited [ RICOAUTO, INE209B01025 ]
Rohit Ferro-Tech Limited [ ROHITFERRO, INE248H01012 ]
Rolta India Limited [ ROLTA, INE293A01013 ]
Rossell India Limited [ ROSSELLIND, INE847C01020 ]
Royal Orchid Hotels Limited [ ROHLTD, INE283H01019 ]
RPG Life Sciences Limited [ RPGLIFE, INE105J01010 ]
RSWM Limited [ RSWM, INE611A01016 ]
Ruchi Infrastructure Limited [ RUCHINFRA, INE413B01023 ]
Ruchi Soya Industries Limited [ RUCHISOYA, INE619A01027 ]
Ruchira Papers Limited [ RUCHIRA, INE803H01014 ]
Rupa & Company Limited [ RUPA, INE895B01021 ]
Rural Electrification Corporation Limited [ RECLTD, INE020B01018 ]
Rushil Decor Limited [ RUSHIL, INE573K01017 ]
S H Kelkar and Company Limited [ SHK, INE500L01026 ]
S. P. Apparels Limited [ SPAL, INE212I01016 ]
S.A.L. Steel Limited [ SALSTEEL, INE658G01014 ]
S.E. Investments Limited [ SEINV, INE420C01042 ]
S.E. Power Limited [ SEPOWER, INE735M01018 ]
Sab Events & Governance Now Media Limited [ SABEVENTS, INE860T01019 ]
Sadbhav Engineering Limited [ SADBHAV, INE226H01026 ]
Sadbhav Infrastructure Project Limited [ SADBHIN, INE764L01010 ]
Sagar Cements Limited [ SAGCEM, INE229C01013 ]
Saksoft Limited [ SAKSOFT, INE667G01015 ]
Sakthi Sugars Limited [ SAKHTISUG, INE623A01011 ]
Sakuma Exports Limited [ SAKUMA, INE190H01016 ]
Salona Cotspin Limited [ SALONA, INE498E01010 ]
Salora International Limited [ SALORAINTL, INE924A01013 ]
Salzer Electronics Limited [ SALZERELEC, INE457F01013 ]
Sambhaav Media Limited [ SAMBHAAV, INE699B01027 ]
Sangam (India) Limited [ SANGAMIND, INE495C01010 ]
Sanghi Industries Limited [ SANGHIIND, INE999B01013 ]
Sanghvi Forging and Engineering Limited [ SANGHVIFOR, INE263L01013 ]
Sanghvi Movers Limited [ SANGHVIMOV, INE989A01024 ]
Sanofi India Limited [ SANOFI, INE058A01010 ]
Sanwaria Agro Oils Limited [ SANWARIA, INE890C01046 ]
Sarda Energy & Minerals Limited [ SARDAEN, INE385C01013 ]
Saregama India Limited [ SAREGAMA, INE979A01017 ]
Sarla Performance Fibers Limited [ SARLAPOLY, INE453D01025 ]
Sasken Communication Technologies Limited [ SASKEN, INE231F01020 ]
Sathavahana Ispat Limited [ SATHAISPAT, INE176C01016 ]
Satin Creditcare Network Limited [ SATIN, INE836B01017 ]
Savita Oil Technologies Limited [ SOTL, INE035D01012 ]
Schneider Electric Infrastructure Limited [ SCHNEIDER, INE839M01018 ]
Seamec Limited [ SEAMECLTD, INE497B01018 ]
SEL Manufacturing Company Limited [ SELMCL, INE105I01012 ]
Selan Exploration Technology Limited [ SELAN, INE818A01017 ]
Sequent Scientific Limited [ SEQUENT, INE807F01027 ]
Servalakshmi Paper Limited [ SERVALL, INE431L01016 ]
Seshasayee Paper and Boards Limited [ SESHAPAPER, INE630A01016 ]
Setco Automotive Limited [ SETCO, INE878E01021 ]
Sezal Glass Limited [ SEZAL, INE955I01036 ]
Shah Alloys Limited [ SHAHALLOYS, INE640C01011 ]
Shakti Pumps (India) Limited [ SHAKTIPUMP, INE908D01010 ]
Shalimar Paints Limited [ SHALPAINTS, INE849C01026 ]
Shanthi Gears Limited [ SHANTIGEAR, INE631A01022 ]
Sharda Cropchem Limited [ SHARDACROP, INE221J01015 ]
Sharda Motor Industries Limited [ SHARDAMOTR, INE597I01010 ]
Sharon Bio-Medicine Limited [ SHARONBIO, INE028B01029 ]
Shekhawati Poly-Yarn Limited [ SPYL, INE268L01020 ]
Shemaroo Entertainment Limited [ SHEMAROO, INE363M01019 ]
Shilpa Medicare Limited [ SHILPAMED, INE790G01031 ]
Shilpi Cable Technologies Limited [ SHILPI, INE510K01019 ]
Shipping Corporation Of India Limited [ SCI, INE109A01011 ]
Shirpur Gold Refinery Limited [ SHIRPUR-G, INE196B01016 ]
Shiva Texyarn Limited [ SHIVTEX, INE705C01012 ]
Shivam Autotech Limited [ SHIVAMAUTO, INE637H01024 ]
Shoppers Stop Limited [ SHOPERSTOP, INE498B01024 ]
Shree Cements Limited [ SHREECEM, INE070A01015 ]
Shree Ganesh Forgings Limited [ SGFL, INE883G01018 ]
SHREE GANESH JEWELLERY HOUSE (I) LIMITED [ SGJHL, INE553K01019 ]
Shree Pushkar Chemicals & Fertilisers Limited [ SHREEPUSHK, INE712K01011 ]
Shree Rama Multi-Tech Limited [ SHREERAMA, INE879A01019 ]
Shree Rama Newsprint Limited [ RAMANEWS, INE278B01020 ]
Shree Renuka Sugars Limited [ RENUKA, INE087H01022 ]
Shrenuj & Company Limited [ SHRENUJ, INE633A01028 ]
Shreyans Industries Limited [ SHREYANIND, INE231C01019 ]
Shreyas Shipping & Logistics Limited [ SHREYAS, INE757B01015 ]
SHRI ASTER SILICATES LIMITED [ SHRIASTER, INE900K01012 ]
Shriram City Union Finance Limited [ SHRIRAMCIT, INE722A01011 ]
Shriram EPC Limited [ SHRIRAMEPC, INE964H01014 ]
Shriram Pistons & Rings Limited [ SHRIPISTON, INE526E01018 ]
Shriram Transport Finance Company Limited [ SRTRANSFIN, INE721A01013 ]
Shyam Century Ferrous Limited [ SHYAMCENT, INE979R01011 ]
Shyam Telecom Limited [ SHYAMTEL, INE635A01023 ]
Sicagen India Limited [ SICAGEN, INE176J01011 ]
Sical Logistics Limited [ SICAL, INE075B01012 ]
Siemens Limited [ SIEMENS, INE003A01024 ]
Signet Industries Limited [ SIGNET, INE529F01027 ]
SIL Investments Limited [ SILINV, INE923A01015 ]
Simbhaoli Sugars Limited [ SIMBHALS, INE748T01016 ]
Simplex Infrastructures Limited [ SIMPLEXINF, INE059B01024 ]
Simplex Projects Limited [ SIMPLEX, INE898F01018 ]
Sintex Industries Limited [ SINTEX, INE429C01035 ]
Sita Shree Food Products Limited [ SITASHREE, INE686I01011 ]
Siti Networks Limited [ SITINET, INE965H01011 ]
Siyaram Silk Mills Limited [ SIYSIL, INE076B01010 ]
SJVN Limited [ SJVN, INE002L01015 ]
SKF India Limited [ SKFINDIA, INE640A01023 ]
SKIL Infrastructure Limited [ SKIL, INE429F01012 ]
Skipper Limited [ SKIPPER, INE439E01022 ]
SKM Egg Products Export (India) Limited [ SKMEGGPROD, INE411D01015 ]
Smartlink Network Systems Limited [ SMARTLINK, INE178C01020 ]
SML Isuzu Limited [ SMLISUZU, INE294B01019 ]
SMS Pharmaceuticals Limited [ SMSPHARMA, INE812G01025 ]
Snowman Logistics Limited [ SNOWMAN, INE734N01019 ]
Sobha Limited [ SOBHA, INE671H01015 ]
Solar Industries India Limited [ SOLARINDS, INE343H01029 ]
Som Distilleries & Breweries Limited [ SDBL, INE480C01012 ]
Soma Textiles & Industries Limited [ SOMATEX, INE314C01013 ]
Somany Ceramics Limited [ SOMANYCERA, INE355A01028 ]
Somi Conveyor Beltings Limited [ SOMICONVEY, INE323J01019 ]
Sona Koyo Steering Systems Limited [ SONASTEER, INE643A01035 ]
Sonata Software Limited [ SONATSOFTW, INE269A01021 ]
Southern Petrochemicals Industries Corporation  Limited [ SPIC, INE147A01011 ]
Speciality Restaurants Limited [ SPECIALITY, INE247M01014 ]
Spectacle Ventures Limited [ SPECTACLE, INE409H01028 ]
Spentex Industries Limited [ SPENTEX, INE376C01020 ]
Sphere Global Services Limited [ SPHEREGSL, INE737B01033 ]
Spice Mobility Limited [ SPICEMOBI, INE927C01020 ]
SPL Industries Limited [ SPLIL, INE978G01016 ]
SPML Infra Limited [ SPMLINFRA, INE937A01023 ]
SQS India BFSI Limited [ SQSBFSI, INE201K01015 ]
Sree Rayalaseema Hi-Strength Hypo Limited [ SRHHYPOLTD, INE917H01012 ]
Sreeleathers Limited [ SREEL, INE099F01013 ]
SREI Infrastructure Finance Limited [ SREINFRA, INE872A01014 ]
SRF Limited [ SRF, INE647A01010 ]
SRG Infotec (India) Limited [ SRGINFOTEC, INE376A01032 ]
Sri Adhikari Brothers Television Network Limited [ SABTN, INE416A01036 ]
Srikalahasthi Pipes Limited [ SRIPIPES, INE943C01027 ]
SRS Limited [ SRSLTD, INE219H01039 ]
Stampede Capital Limited [ STAMPEDE, INE224E01028 ]
Standard Industries Limited [ SIL, INE173A01025 ]
Star Ferro and Cement Limited [ SFCL, INE935O01010 ]
Star Paper Mills Limited [ STARPAPER, INE733A01018 ]
State Bank of Bikaner and Jaipur [ SBBJ, INE648A01026 ]
State Bank of India [ SBIN, INE062A01020 ]
State Bank of Mysore [ MYSOREBANK, INE651A01020 ]
State Bank of Travancore [ SBT, INE654A01024 ]
Steel Authority of India Limited [ SAIL, INE114A01011 ]
Steel Strips Wheels Limited [ SSWL, INE802C01017 ]
Stel Holdings Limited [ STEL, INE577L01016 ]
Sterling Biotech Limited [ STERLINBIO, INE324C01038 ]
Sterling Tools Limited [ STERTOOLS, INE334A01015 ]
Sterlite Technologies Limited [ STRTECH, INE089C01029 ]
STI India Limited [ STINDIA, INE090C01019 ]
STL Global Limited [ SGL, INE353H01010 ]
Store One Retail India Limited [ STOREONE, INE034H01016 ]
Strides Shasun Limited [ STAR, INE939A01011 ]
Subex Limited [ SUBEX, INE754A01014 ]
Subros Limited [ SUBROS, INE287B01021 ]
Sudar Industries Limited [ SUDAR, INE384L01017 ]
Sudarshan Chemical Industries Limited [ SUDARSCHEM, INE659A01023 ]
Sujana Metal Products Limited [ SMPL, INE215G01021 ]
Sujana Tower Limited [ SUJANATWR, INE333I01036 ]
Sujana Universal Industries Limited [ SUJANAUNI, INE216G01011 ]
Sumeet Industries Limited [ SUMEETINDS, INE235C01010 ]
Summit Securities Limited [ SUMMITSEC, INE519C01017 ]
Sun Pharma Advanced Research Company Limited [ SPARC, INE232I01014 ]
Sun Pharmaceuticals Industries Limited [ SUNPHARMA, INE044A01036 ]
Sun TV Network Limited [ SUNTV, INE424H01027 ]
Sundaram Brake Linings Limited [ SUNDRMBRAK, INE073D01013 ]
Sundaram Clayton Limited [ SUNCLAYLTD, INE105A01035 ]
Sundaram Finance Limited [ SUNDARMFIN, INE660A01013 ]
Sundaram Multi Pap Limited [ SUNDARAM, INE108E01023 ]
Sundram Fasteners Limited [ SUNDRMFAST, INE387A01021 ]
Sunflag Iron And Steel Company Limited [ SUNFLAG, INE947A01014 ]
Sunil Hitech Engineers Limited [ SUNILHITEC, INE305H01010 ]
Sunteck Realty Limited [ SUNTECK, INE805D01026 ]
Super Spinning Mills Limited [ SUPERSPIN, INE662A01027 ]
Superhouse Limited [ SUPERHOUSE, INE712B01010 ]
Suprajit Engineering Limited [ SUPRAJIT, INE399C01030 ]
Supreme Industries Limited [ SUPREMEIND, INE195A01028 ]
Supreme Infrastructure India Limited [ SUPREMEINF, INE550H01011 ]
Supreme Petrochem Limited [ SUPPETRO, INE663A01017 ]
Supreme Tex Mart Limited [ SUPREMETEX, INE651G01027 ]
Surana Industries Limited [ SURANAIND, INE659D01019 ]
SURANA SOLAR LIMITED [ SURANASOL, INE272L01022 ]
Surya Roshni Limited [ SURYAROSNI, INE335A01012 ]
Suryajyoti Spinning Mills Limited [ SURYAJYOTI, INE411C01017 ]
Suryalakshmi Cotton Mills Limited [ SURYALAXMI, INE713B01026 ]
Sutlej Textiles and Industries Limited [ SUTLEJTEX, INE645H01019 ]
Suven Life Sciences Limited [ SUVEN, INE495B01038 ]
Suzlon Energy Limited [ SUZLON, INE040H01021 ]
SVOGL OIL GAS AND ENERGY LIMITED [ SVOGL, INE756B01017 ]
Swan Energy Limited [ SWANENERGY, INE665A01038 ]
Swaraj Engines Limited [ SWARAJENG, INE277A01016 ]
Swelect Energy Systems Limited [ SWELECTES, INE409B01013 ]
Symphony Limited [ SYMPHONY, INE225D01027 ]
Syncom Healthcare Limited [ SYNCOM, INE602K01014 ]
Syndicate Bank [ SYNDIBANK, INE667A01018 ]
Syngene International Limited [ SYNGENE, INE398R01022 ]
T T Limited [ TTL, INE592B01016 ]
Tainwala Chemical and Plastic (I) Limited [ TAINWALCHM, INE123C01018 ]
Taj GVK Hotels & Resorts Limited [ TAJGVK, INE586B01026 ]
Take Solutions Limited [ TAKE, INE142I01023 ]
Talbros Automotive Components Limited [ TALBROAUTO, INE187D01011 ]
Talwalkars Better Value Fitness Limited [ TALWALKARS, INE502K01016 ]
Tamil Nadu Newsprint & Papers Limited [ TNPL, INE107A01015 ]
Tamilnadu PetroProducts Limited [ TNPETRO, INE148A01019 ]
Tamilnadu Telecommunication Limited [ TNTELE, INE141D01018 ]
Tanla Solutions Limited [ TANLA, INE483C01032 ]
Tantia Constructions Limited [ TANTIACONS, INE388G01018 ]
Tara Jewels Limited [ TARAJEWELS, INE799L01016 ]
Tarapur Transformers Limited [ TARAPUR, INE747K01017 ]
Tarmat Limited [ TARMAT, INE924H01018 ]
Tata Chemicals Limited [ TATACHEM, INE092A01019 ]
Tata Coffee Limited [ TATACOFFEE, INE493A01027 ]
Tata Communications Limited [ TATACOMM, INE151A01013 ]
Tata Consultancy Services Limited [ TCS, INE467B01029 ]
Tata Elxsi Limited [ TATAELXSI, INE670A01012 ]
Tata Global Beverages Limited [ TATAGLOBAL, INE192A01025 ]
Tata Investment Corporation Limited [ TATAINVEST, INE672A01018 ]
Tata Metaliks Limited [ TATAMETALI, INE056C01010 ]
Tata Motors Limited [ TATAMOTORS, INE155A01022 ]
Tata Motors Limited [ TATAMTRDVR, IN9155A01020 ]
Tata Power Company Limited [ TATAPOWER, INE245A01021 ]
Tata Sponge Iron Limited [ TATASPONGE, INE674A01014 ]
Tata Steel Limited [ TATASTEEL, INE081A01012 ]
Tata Teleservices (Maharashtra) Limited [ TTML, INE517B01013 ]
TCI Developers Limited [ TCIDEVELOP, INE662L01016 ]
TCI Finance Limited [ TCIFINANCE, INE911B01018 ]
TD Power Systems Limited [ TDPOWERSYS, INE419M01019 ]
Teamlease Services Limited [ TEAMLEASE, INE985S01024 ]
Tech Mahindra Limited [ TECHM, INE669C01036 ]
Techno Electric & Engineering Company Limited [ TECHNO, INE286K01024 ]
Technocraft Industries (India) Limited [ TIIL, INE545H01011 ]
Technofab Engineering Limited [ TECHNOFAB, INE509K01011 ]
Texmaco Infrastructure & Holdings Limited [ TEXINFRA, INE435C01024 ]
Texmaco Rail & Engineering Limited [ TEXRAIL, INE621L01012 ]
Texmo Pipes and Products Limited [ TEXMOPIPES, INE141K01013 ]
TGB BANQUETS AND HOTELS LIMITED [ TGBHOTELS, INE797H01018 ]
Thangamayil Jewellery Limited [ THANGAMAYL, INE085J01014 ]
The Anandam Rubber Company Limited [ ANANDAMRUB, INE618N01014 ]
The Andhra Sugars Limited [ ANDHRSUGAR, INE715B01013 ]
The Byke Hospitality Ltd [ BYKE, INE319B01014 ]
The Federal Bank  Limited [ FEDERALBNK, INE171A01029 ]
The Great Eastern Shipping Company Limited [ GESHIP, INE017A01032 ]
The Grob Tea Company Limited [ GROBTEA, INE646C01018 ]
The Hi-Tech Gears Limited [ HITECHGEAR, INE127B01011 ]
The India Cements Limited [ INDIACEM, INE383A01012 ]
The Indian Hotels Company Limited [ INDHOTEL, INE053A01029 ]
The Karnataka Bank Limited [ KTKBANK, INE614B01018 ]
The Motor & General Finance Limited [ MOTOGENFIN, INE861B01015 ]
The Orissa Minerals Development Company Limited [ ORISSAMINE, INE725E01024 ]
The Oudh Sugar Mills Limited [ OUDHSUG, INE594A01014 ]
The Peria Karamalai Tea & Produce Company Limited [ PKTEA, INE431F01018 ]
The Phoenix Mills Limited [ PHOENIXLTD, INE211B01039 ]
The Ramco Cements Limited [ RAMCOCEM, INE331A01037 ]
The Ruby Mills Limited [ RUBYMILLS, INE301D01026 ]
The Sandesh Limited [ SANDESH, INE583B01015 ]
The South Indian Bank Limited [ SOUTHBANK, INE683A01023 ]
The State Trading Corporation of India Limited [ STCINDIA, INE655A01013 ]
The Tinplate Company of India Limited [ TINPLATE, INE422C01014 ]
The Ugar Sugar Works Limited [ UGARSUGAR, INE071E01023 ]
The United Nilgiri Tea Estates Company Limited [ UNITEDTEA, INE458F01011 ]
Themis Medicare Limited [ THEMISMED, INE083B01016 ]
Thermax Limited [ THERMAX, INE152A01029 ]
Thiru Arooran Sugars Limited [ THIRUSUGAR, INE409A01015 ]
Thirumalai Chemicals Limited [ TIRUMALCHM, INE338A01016 ]
Thomas Cook  (India)  Limited [ THOMASCOOK, INE332A01027 ]
Thomas Scott (India) Limited [ THOMASCOTT, INE480M01011 ]
Thyrocare Technologies Limited [ THYROCARE, INE594H01019 ]
Tide Water Oil Company (India) Limited [ TIDEWATER, INE484C01022 ]
Tijaria Polypipes Limited [ TIJARIA, INE440L01017 ]
TIL Limited [ TIL, INE806C01018 ]
Tilaknagar Industries Limited [ TI, INE133E01013 ]
Time Technoplast Limited [ TIMETECHNO, INE508G01029 ]
Times Guaranty Limited [ TIMESGTY, INE289C01025 ]
Timken India Limited [ TIMKEN, INE325A01013 ]
TIPS Industries Limited [ TIPSINDLTD, INE716B01011 ]
Titagarh Wagons Limited [ TWL, INE615H01020 ]
Titan Company Limited [ TITAN, INE280A01028 ]
Tokyo Plast International Limited [ TOKYOPLAST, INE932C01012 ]
Torrent Pharmaceuticals Limited [ TORNTPHARM, INE685A01028 ]
Torrent Power Limited [ TORNTPOWER, INE813H01021 ]
Tourism Finance Corporation of India Limited [ TFCILTD, INE305A01015 ]
TPL Plastech Limited [ TPLPLASTEH, INE413G01014 ]
Transformers And Rectifiers (India) Limited [ TRIL, INE763I01018 ]
Transport Corporation of India Limited [ TCI, INE688A01022 ]
Transwarranty Finance Limited [ TFL, INE804H01012 ]
Tree House Education & Accessories Limited [ TREEHOUSE, INE040M01013 ]
Trent Limited [ TRENT, INE849A01020 ]
TRF Limited [ TRF, INE391D01019 ]
Tribhovandas Bhimji Zaveri Limited [ TBZ, INE760L01018 ]
Tricom India Limited [ TRICOM, INE771B01032 ]
Trident Limited [ TRIDENT, INE064C01014 ]
Trigyn Technologies Limited [ TRIGYN, INE948A01012 ]
Triveni Engineering & Industries Limited [ TRIVENI, INE256C01024 ]
Triveni Turbine Limited [ TRITURBINE, INE152M01016 ]
TTK Healthcare Limited [ TTKHLTCARE, INE910C01018 ]
TTK Prestige Limited [ TTKPRESTIG, INE690A01010 ]
Tube Investments of India Limited [ TUBEINVEST, INE149A01025 ]
TV Today Network Limited [ TVTODAY, INE038F01029 ]
TV Vision Limited [ TVVISION, INE871L01013 ]
TV18 Broadcast Limited [ TV18BRDCST, INE886H01027 ]
TVS Electronics Limited [ TVSELECT, INE236G01019 ]
TVS Motor Company Limited [ TVSMOTOR, INE494B01023 ]
TVS Srichakra Limited [ TVSSRICHAK, INE421C01016 ]
Ucal Fuel Systems Limited [ UCALFUEL, INE139B01016 ]
UCO Bank [ UCOBANK, INE691A01018 ]
UFLEX Limited [ UFLEX, INE516A01017 ]
UFO Moviez India Limited [ UFO, INE527H01019 ]
Ujaas Energy Limited [ UJAAS, INE899L01022 ]
UJJIVAN FINANCIAL SERVICES LIMITED [ UJJIVAN, INE334L01012 ]
UltraTech Cement Limited [ ULTRACEMCO, INE481G01011 ]
Umang Dairies Limited [ UMANGDAIRY, INE864B01027 ]
Unichem Laboratories Limited [ UNICHEMLAB, INE351A01035 ]
Union Bank of India [ UNIONBANK, INE692A01016 ]
Uniphos Enterprises Limited [ UNIENTER, INE037A01022 ]
Uniply Industries Limited [ UNIPLY, INE950G01015 ]
Unitech Limited [ UNITECH, INE694A01020 ]
United Bank of India [ UNITEDBNK, INE695A01019 ]
United Breweries (Holdings) Limited [ UBHOLDINGS, INE696A01025 ]
United Breweries Limited [ UBL, INE686F01025 ]
United Spirits Limited [ MCDOWELL-N, INE854D01016 ]
Unity Infraprojects Limited [ UNITY, INE466H01028 ]
Universal Cables Limited [ UNIVCABLES, INE279A01012 ]
UPL Limited [ UPL, INE628A01036 ]
Upper Ganges Sugar & Industries Limited [ UPERGANGES, INE018B01012 ]
Usha Martin Limited [ USHAMART, INE228A01035 ]
Usher Agro Limited [ USHERAGRO, INE235G01011 ]
Uttam Galva Steels Limited [ UTTAMSTL, INE699A01011 ]
Uttam Sugar Mills Limited [ UTTAMSUGAR, INE786F01031 ]
Uttam Value Steels Limited [ UVSL, INE292A01023 ]
V.S.T Tillers Tractors Limited [ VSTTILLERS, INE764D01017 ]
V2 Retail Limited [ V2RETAIL, INE945H01013 ]
VA Tech Wabag Limited [ WABAG, INE956G01038 ]
Vadilal Industries Limited [ VADILALIND, INE694D01016 ]
Vaibhav Global Limited [ VAIBHAVGBL, INE884A01019 ]
VAKRANGEE LIMITED [ VAKRANGEE, INE051B01021 ]
Valecha Engineering Limited [ VALECHAENG, INE624C01015 ]
Value Industries Limited [ VALUEIND, INE352A01017 ]
Vardhman Acrylics Limited [ VARDHACRLC, INE116G01013 ]
Vardhman Holdings Limited [ VHL, INE701A01023 ]
Vardhman Polytex Limited [ VARDMNPOLY, INE835A01011 ]
Vardhman Special Steels Limited [ VSSL, INE050M01012 ]
Vardhman Textiles Limited [ VTL, INE825A01012 ]
Vascon Engineers Limited [ VASCONEQ, INE893I01013 ]
Vaswani Industries Limited [ VASWANI, INE590L01019 ]
Vedanta Limited [ VEDL, INE205A01025 ]
Venky's (India) Limited [ VENKEYS, INE398A01010 ]
Venus Remedies Limited [ VENUSREM, INE411B01019 ]
Vesuvius India Limited [ VESUVIUS, INE386A01015 ]
Veto Switchgears And Cables Limited [ VETO, INE918N01018 ]
V-Guard Industries Limited [ VGUARD, INE951I01027 ]
Viceroy Hotels Limited [ VICEROY, INE048C01017 ]
Videocon Industries Limited [ VIDEOIND, INE703A01011 ]
Vidhi Dyestuffs Manufacturing Limited [ VIDHIDYE, INE632C01026 ]
Vijay Shanthi Builders Limited [ VIJSHAN, INE806F01011 ]
Vijaya Bank [ VIJAYABANK, INE705A01016 ]
Viji Finance Limited [ VIJIFIN, INE159N01019 ]
Vikas EcoTech Limited [ VIKASECO, INE806A01020 ]
Vimal Oil & Foods Limited [ VIMALOIL, INE067D01015 ]
Vimta Labs Limited [ VIMTALABS, INE579C01029 ]
Vinati Organics Limited [ VINATIORGA, INE410B01029 ]
Vindhya Telelinks Limited [ VINDHYATEL, INE707A01012 ]
Vinyl Chemicals (India) Limited [ VINYLINDIA, INE250B01029 ]
VIP Industries Limited [ VIPIND, INE054A01027 ]
Vipul Limited [ VIPULLTD, INE946H01037 ]
Visa Steel Limited [ VISASTEEL, INE286H01012 ]
Visagar Polytex Limited [ VIVIDHA, INE370E01029 ]
Visaka Industries Limited [ VISAKAIND, INE392A01013 ]
Visesh Infotecnics Limited [ VISESHINFO, INE861A01058 ]
Vishnu Chemicals Limited [ VISHNU, INE270I01014 ]
Vivimed Labs Limited [ VIVIMEDLAB, INE526G01021 ]
VKS Projects Limited [ VKSPL, INE213M01024 ]
VLS Finance Limited [ VLSFINANCE, INE709A01018 ]
V-Mart Retail Limited [ VMART, INE665J01013 ]
Voltamp Transformers Limited [ VOLTAMP, INE540H01012 ]
Voltas Limited [ VOLTAS, INE226A01021 ]
VRL Logistics Limited [ VRLLOG, INE366I01010 ]
VST Industries Limited [ VSTIND, INE710A01016 ]
W S Industries (I) Limited [ WSI, INE100D01014 ]
WABCO India Limited [ WABCOINDIA, INE342J01019 ]
Walchandnagar Industries Limited [ WALCHANNAG, INE711A01022 ]
Wanbury Limited [ WANBURY, INE107F01022 ]
Websol Energy System Limited [ WEBELSOLAR, INE855C01015 ]
Weizmann Forex Limited [ WEIZFOREX, INE726L01019 ]
Weizmann Limited [ WEIZMANIND, INE080A01014 ]
Welspun Corp Limited [ WELCORP, INE191B01025 ]
Welspun Enterprises Limited [ WELENT, INE625G01013 ]
Welspun India Limited [ WELSPUNIND, INE192B01031 ]
Welspun Investments and Commercials Limited [ WELINV, INE389K01018 ]
Wendt (India) Limited [ WENDT, INE274C01019 ]
West Coast Paper Mills Limited [ WSTCSTPAPR, INE976A01021 ]
Wheels India Limited [ WHEELS, INE715A01015 ]
Whirlpool of India Limited [ WHIRLPOOL, INE716A01013 ]
Williamson Magor & Company Limited [ WILLAMAGOR, INE210A01017 ]
Windsor Machines Limited [ WINDMACHIN, INE052A01021 ]
Winsome Yarns Limited [ WINSOME, INE784B01035 ]
Wipro Limited [ WIPRO, INE075A01022 ]
Wockhardt Limited [ WOCKPHARMA, INE049B01025 ]
Wonderla Holidays Limited [ WONDERLA, INE066O01014 ]
Xchanging Solutions Limited [ XCHANGING, INE692G01013 ]
Xpro India Limited [ XPROINDIA, INE445C01015 ]
Yes Bank Limited [ YESBANK, INE528G01019 ]
Zandu Realty Limited [ ZANDUREALT, INE719A01017 ]
Zee Entertainment Enterprises Limited [ ZEEL, INE256A01028 ]
Zee Learn Limited [ ZEELEARN, INE565L01011 ]
Zee Media Corporation Limited [ ZEEMEDIA, INE966H01019 ]
Zen Technologies Limited [ ZENTEC, INE251B01027 ]
Zensar Technologies Limited [ ZENSARTECH, INE520A01019 ]
Zicom Electronic Security Systems Limited [ ZICOM, INE871B01014 ]
Zodiac Clothing Company Limited [ ZODIACLOTH, INE206B01013 ]
Zodiac JRD- MKJ Limited [ ZODJRDMKJ, INE077B01018 ]
Zuari Agro Chemicals Limited [ ZUARI, INE840M01016 ]
ZUARI GLOBAL LIMITED [ ZUARIGLOB, INE217A01012 ]
Zydus Wellness Limited [ ZYDUSWELL, INE768C01010 ]
Zylog Systems Limited [ ZYLOG, INE225I01026 ]
